array_job_id;task_id;run_group_id;case_k;case_per_run;case_variants;case_selection;case_p_fail;case_id;case_sweep_row;case_variant_idx;case_edges;case_lines;WS;RP;EEV_nom;EEV_mean;EVPI;VSS_nom;VSS_mean;procedures_present;source;network;scenario_line_data;routing_agg;waiting_time_frequency;gap;time_limit;travel_time_cost_mult;waiting_time_cost_mult;line_operation_cost_mult;cost_repl_freq;cost_repl_line;repl_budget;bypass_multiplier;overdemand_threshold;overdemand_multiplier;num_od;train_capacity;infrastructure_capacity;max_frequency;threads;scenario_infra_id;scenario_prob_id
12429117;0;g_000;1;1;36;line_consecutive;0.5;1000;0;0;2-25;1;5239065.0;5242035.0;5242035.0;5242035.0;2970.0;0.0;0.0;eev,integrated,separated,ws;lintim;Mumford0;Mumford0;True;False;1e-05;6000;1;2;20;50;200;-5;100;0.5;1;50;250;30;20;16;1000;1000
12429117;1;g_000;1;1;36;line_consecutive;0.5;1001;0;1;8-25;1;5238670.0;5241640.0;5241640.0;5241640.0;2970.0;0.0;0.0;eev,integrated,separated,ws;lintim;Mumford0;Mumford0;True;False;1e-05;6000;1;2;20;50;200;-5;100;0.5;1;50;250;30;20;16;1001;1001
12429117;2;g_000;1;1;36;line_consecutive;0.5;1002;0;2;8-11;1;5230135.0;5233105.0;5233105.0;5233105.0;2970.0;0.0;0.0;eev,integrated,separated,ws;lintim;Mumford0;Mumford0;True;False;1e-05;6000;1;2;20;50;200;-5;100;0.5;1;50;250;30;20;16;1002;1002
12429117;3;g_000;1;1;36;line_consecutive;0.5;1003;0;3;11-22;1;5227765.0;5230735.0;5230735.0;5230735.0;2970.0;0.0;0.0;eev,integrated,separated,ws;lintim;Mumford0;Mumford0;True;False;1e-05;6000;1;2;20;50;200;-5;100;0.5;1;50;250;30;20;16;1003;1003
12429117;4;g_000;1;1;36;line_consecutive;0.5;1004;0;4;2-4;2;6337020.0;6337020.0;6337020.0;6343660.0;0.0;0.0;6640.0;eev,integrated,separated,ws;lintim;Mumford0;Mumford0;True;False;1e-05;6000;1;2;20;50;200;-5;100;0.5;1;50;250;30;20;16;1004;1004
12429117;5;g_000;1;1;36;line_consecutive;0.5;1005;0;5;4-12;2;6829867.5;6840207.5;6840207.5;6840327.5;10340.0;0.0;120.0;eev,integrated,separated,ws;lintim;Mumford0;Mumford0;True;False;1e-05;6000;1;2;20;50;200;-5;100;0.5;1;50;250;30;20;16;1005;1005
12429117;6;g_000;1;1;36;line_consecutive;0.5;1006;0;6;12-18;2,11;7675455.0;7679175.0;7679175.0;15001094.996703427;3720.0;0.0;7321919.996703427;eev,integrated,separated,ws;lintim;Mumford0;Mumford0;True;False;1e-05;6000;1;2;20;50;200;-5;100;0.5;1;50;250;30;20;16;1006;1006
12429117;7;g_000;1;1;36;line_consecutive;0.5;1007;0;7;18-23;2,11;5302815.0;5305385.0;5305490.0;12631309.996703427;2570.0;105.0;7325924.996703427;eev,integrated,separated,ws;lintim;Mumford0;Mumford0;True;False;1e-05;6000;1;2;20;50;200;-5;100;0.5;1;50;250;30;20;16;1007;1007
12429117;8;g_000;1;1;36;line_consecutive;0.5;1008;0;8;1-23;2;5279245.0;5282325.0;5282325.0;5284745.0;3080.0;0.0;2420.0;eev,integrated,separated,ws;lintim;Mumford0;Mumford0;True;False;1e-05;6000;1;2;20;50;200;-5;100;0.5;1;50;250;30;20;16;1008;1008
12429117;9;g_000;1;1;36;line_consecutive;0.5;1009;0;9;1-14;2;5304315.0;5307395.0;5307395.0;5309815.0;3080.0;0.0;2420.0;eev,integrated,separated,ws;lintim;Mumford0;Mumford0;True;False;1e-05;6000;1;2;20;50;200;-5;100;0.5;1;50;250;30;20;16;1009;1009
12429117;10;g_000;1;1;36;line_consecutive;0.5;1010;0;10;9-13;3;5265830.0;5270770.0;5270770.0;5285819.999487845;4940.0;0.0;15049.999487845227;eev,integrated,separated,ws;lintim;Mumford0;Mumford0;True;False;1e-05;6000;1;2;20;50;200;-5;100;0.5;1;50;250;30;20;16;1010;1010
12429117;11;g_000;1;1;36;line_consecutive;0.5;1011;0;11;1-13;3;5266800.0;5269769.999350667;5269770.0;5287419.999487845;2969.999350667;0.0006493330001831;17650.000137178227;eev,integrated,separated,ws;lintim;Mumford0;Mumford0;True;False;1e-05;6000;1;2;20;50;200;-5;100;0.5;1;50;250;30;20;16;1011;1011
12429117;12;g_000;1;1;36;line_consecutive;0.5;1012;0;12;1-29;3;5235400.0;5237200.0;5237200.0;5254849.999487845;1800.0;0.0;17649.999487845227;eev,integrated,separated,ws;lintim;Mumford0;Mumford0;True;False;1e-05;6000;1;2;20;50;200;-5;100;0.5;1;50;250;30;20;16;1012;1012
12429117;13;g_000;1;1;36;line_consecutive;0.5;1013;0;13;17-29;3;5250780.0;5252580.000001421;5252580.0;5270229.999487845;1800.0000014211982;-1.4211982488632202e-06;17649.99948642403;eev,integrated,separated,ws;lintim;Mumford0;Mumford0;True;False;1e-05;6000;1;2;20;50;200;-5;100;0.5;1;50;250;30;20;16;1013;1013
12429117;14;g_000;1;1;36;line_consecutive;0.5;1014;0;14;17-28;3;5251965.0;5254934.999998247;5254935.0;5272584.999487845;2969.999998247251;1.7527490854263306e-06;17649.999489597976;eev,integrated,separated,ws;lintim;Mumford0;Mumford0;True;False;1e-05;6000;1;2;20;50;200;-5;100;0.5;1;50;250;30;20;16;1014;1014
12429117;15;g_000;1;1;36;line_consecutive;0.5;1015;0;15;28-30;3;5244015.0;5246985.000093392;5246985.0;5264634.999487845;2970.0000933920965;-9.339209645986556e-05;17649.99939445313;eev,integrated,separated,ws;lintim;Mumford0;Mumford0;True;False;1e-05;6000;1;2;20;50;200;-5;100;0.5;1;50;250;30;20;16;1015;1015
12429117;16;g_000;1;1;36;line_consecutive;0.5;1016;0;16;6-7;4,10;5268940.0;5272179.9993410325;5272180.0;8497865.0;3239.999341032468;0.0006589675322175;3225685.0006589675;eev,integrated,separated,ws;lintim;Mumford0;Mumford0;True;False;1e-05;6000;1;2;20;50;200;-5;100;0.5;1;50;250;30;20;16;1016;1016
12429117;17;g_000;1;1;36;line_consecutive;0.5;1017;0;17;7-14;4;5238490.0;5241730.0;5241730.0;5241730.0;3240.0;0.0;0.0;eev,integrated,separated,ws;lintim;Mumford0;Mumford0;True;False;1e-05;6000;1;2;20;50;200;-5;100;0.5;1;50;250;30;20;16;1017;1017
12429117;18;g_000;1;1;36;line_consecutive;0.5;1018;0;18;14-19;4;5236315.0;5239285.000047769;5239285.0;5239285.0;2970.000047769397;-4.776939749717712e-05;-4.776939749717712e-05;eev,integrated,separated,ws;lintim;Mumford0;Mumford0;True;False;1e-05;6000;1;2;20;50;200;-5;100;0.5;1;50;250;30;20;16;1018;1018
12429117;19;g_000;1;1;36;line_consecutive;0.5;1019;0;19;19-20;4;5228412.5;5231727.5;5231727.5;5231727.5;3315.0;0.0;0.0;eev,integrated,separated,ws;lintim;Mumford0;Mumford0;True;False;1e-05;6000;1;2;20;50;200;-5;100;0.5;1;50;250;30;20;16;1019;1019
12429117;20;g_000;1;1;36;line_consecutive;0.5;1020;0;20;15-24;5;6339152.5;6340592.5;6340592.5;6340592.5;1440.0;0.0;0.0;eev,integrated,separated,ws;lintim;Mumford0;Mumford0;True;False;1e-05;6000;1;2;20;50;200;-5;100;0.5;1;50;250;30;20;16;1020;1020
12429117;21;g_000;1;1;36;line_consecutive;0.5;1021;0;21;12-15;5,11;6401710.0;6406980.0;6411105.0;7092305.0;5270.0;4125.0;685325.0;eev,integrated,separated,ws;lintim;Mumford0;Mumford0;True;False;1e-05;6000;1;2;20;50;200;-5;100;0.5;1;50;250;30;20;16;1021;1021
12429117;22;g_000;1;1;36;line_consecutive;0.5;1022;0;22;12-26;5;5252525.0;5256935.0;5256935.0;5256935.0;4410.0;0.0;0.0;eev,integrated,separated,ws;lintim;Mumford0;Mumford0;True;False;1e-05;6000;1;2;20;50;200;-5;100;0.5;1;50;250;30;20;16;1022;1022
12429117;23;g_000;1;1;36;line_consecutive;0.5;1023;0;23;3-8;6,12;5238055.0;5241025.0;5241025.0;5241025.0;2970.0;0.0;0.0;eev,integrated,separated,ws;lintim;Mumford0;Mumford0;True;False;1e-05;6000;1;2;20;50;200;-5;100;0.5;1;50;250;30;20;16;1023;1023
12429117;24;g_000;1;1;36;line_consecutive;0.5;1024;0;24;5-8;6;5235905.0;5238875.0;5238875.0;5238875.0;2970.0;0.0;0.0;eev,integrated,separated,ws;lintim;Mumford0;Mumford0;True;False;1e-05;6000;1;2;20;50;200;-5;100;0.5;1;50;250;30;20;16;1024;1024
12429117;25;g_000;1;1;36;line_consecutive;0.5;1025;0;25;10-15;7;6344860.0;6344860.0;6344860.0;6344860.0;0.0;0.0;0.0;eev,integrated,separated,ws;lintim;Mumford0;Mumford0;True;False;1e-05;6000;1;2;20;50;200;-5;100;0.5;1;50;250;30;20;16;1025;1025
12429117;26;g_000;1;1;36;line_consecutive;0.5;1026;0;26;15-21;7;6338140.0;6338140.0;6338140.0;6338140.0;0.0;0.0;0.0;eev,integrated,separated,ws;lintim;Mumford0;Mumford0;True;False;1e-05;6000;1;2;20;50;200;-5;100;0.5;1;50;250;30;20;16;1026;1026
12429117;27;g_000;1;1;36;line_consecutive;0.5;1027;0;27;6-16;8;5229715.0;5233765.0;5233765.0;5233765.0;4050.0;0.0;0.0;eev,integrated,separated,ws;lintim;Mumford0;Mumford0;True;False;1e-05;6000;1;2;20;50;200;-5;100;0.5;1;50;250;30;20;16;1027;1027
12429117;28;g_000;1;1;36;line_consecutive;0.5;1028;0;28;9-27;9;6312860.0;6312860.0;6312860.0;6312860.0;0.0;0.0;0.0;eev,integrated,separated,ws;lintim;Mumford0;Mumford0;True;False;1e-05;6000;1;2;20;50;200;-5;100;0.5;1;50;250;30;20;16;1028;1028
12429117;29;g_000;1;1;36;line_consecutive;0.5;1029;0;29;2-15;10;5269600.0;5272570.0;5272570.0;7486315.0;2970.0;0.0;2213745.0;eev,integrated,separated,ws;lintim;Mumford0;Mumford0;True;False;1e-05;6000;1;2;20;50;200;-5;100;0.5;1;50;250;30;20;16;1029;1029
12429117;30;g_000;1;1;36;line_consecutive;0.5;1030;0;30;8-15;10;5274235.0;5277205.0;5277205.0;7490490.0;2970.0;0.0;2213285.0;eev,integrated,separated,ws;lintim;Mumford0;Mumford0;True;False;1e-05;6000;1;2;20;50;200;-5;100;0.5;1;50;250;30;20;16;1030;1030
12429117;31;g_000;1;1;36;line_consecutive;0.5;1031;0;31;8-17;10;5280100.0;5283070.0;5283070.0;7496372.5;2970.0;0.0;2213302.5;eev,integrated,separated,ws;lintim;Mumford0;Mumford0;True;False;1e-05;6000;1;2;20;50;200;-5;100;0.5;1;50;250;30;20;16;1031;1031
12429117;32;g_000;1;1;36;line_consecutive;0.5;1032;0;32;7-17;10;5263965.0;5268375.0;5268375.0;7481825.0;4410.0;0.0;2213450.0;eev,integrated,separated,ws;lintim;Mumford0;Mumford0;True;False;1e-05;6000;1;2;20;50;200;-5;100;0.5;1;50;250;30;20;16;1032;1032
12429117;33;g_000;1;1;36;line_consecutive;0.5;1033;0;33;19-23;11;5268205.0;5270775.0;5270880.0;5270880.0;2570.0;105.0;105.0;eev,integrated,separated,ws;lintim;Mumford0;Mumford0;True;False;1e-05;6000;1;2;20;50;200;-5;100;0.5;1;50;250;30;20;16;1033;1033
12429117;34;g_000;1;1;36;line_consecutive;0.5;1034;0;34;8-21;12;5243265.0;5247675.0;5247675.0;5247675.0;4410.0;0.0;0.0;eev,integrated,separated,ws;lintim;Mumford0;Mumford0;True;False;1e-05;6000;1;2;20;50;200;-5;100;0.5;1;50;250;30;20;16;1034;1034
12429117;35;g_000;1;1;36;line_consecutive;0.5;1035;0;35;21-24;12;5240325.0;5244735.0;5244735.0;5244735.0;4410.0;0.0;0.0;eev,integrated,separated,ws;lintim;Mumford0;Mumford0;True;False;1e-05;6000;1;2;20;50;200;-5;100;0.5;1;50;250;30;20;16;1035;1035
12429117;36;g_000;1;1;36;line_consecutive;0.5;1036;1;0;2-25;1;5547915.0;5551115.0;5552860.0;5553675.0;3200.0;1745.0;2560.0;eev,integrated,separated,ws;lintim;Mumford0;Mumford0;True;False;1e-05;6000;1;2;20;50;200;-5;100;0.5;2;50;250;30;20;16;1036;1036
12429117;37;g_000;1;1;36;line_consecutive;0.5;1037;1;1;8-25;1;5547132.5;5550332.5;5552077.5;5552892.5;3200.0;1745.0;2560.0;eev,integrated,separated,ws;lintim;Mumford0;Mumford0;True;False;1e-05;6000;1;2;20;50;200;-5;100;0.5;2;50;250;30;20;16;1037;1037
12429117;38;g_000;1;1;36;line_consecutive;0.5;1038;1;2;8-11;1;5532700.0;5535900.0;5537645.0;5538460.0;3200.0;1745.0;2560.0;eev,integrated,separated,ws;lintim;Mumford0;Mumford0;True;False;1e-05;6000;1;2;20;50;200;-5;100;0.5;2;50;250;30;20;16;1038;1038
12429117;39;g_000;1;1;36;line_consecutive;0.5;1039;1;3;11-22;1;5535145.0;5539619.999704822;5542115.0;5542180.0;4474.999704821967;2495.0002951780334;2560.0002951780334;eev,integrated,separated,ws;lintim;Mumford0;Mumford0;True;False;1e-05;6000;1;2;20;50;200;-5;100;0.5;2;50;250;30;20;16;1039;1039
12429117;40;g_000;1;1;36;line_consecutive;0.5;1040;1;4;2-4;2;6622575.0;6622605.0;6622630.0;6640990.0;30.0;25.0;18385.0;eev,integrated,separated,ws;lintim;Mumford0;Mumford0;True;False;1e-05;6000;1;2;20;50;200;-5;100;0.5;2;50;250;30;20;16;1040;1040
12429117;41;g_000;1;1;36;line_consecutive;0.5;1041;1;5;4-12;2;7136492.5;7148345.0;7151582.5;7154765.0;11852.5;3237.5;6420.0;eev,integrated,separated,ws;lintim;Mumford0;Mumford0;True;False;1e-05;6000;1;2;20;50;200;-5;100;0.5;2;50;250;30;20;16;1041;1041
12429117;42;g_000;1;1;36;line_consecutive;0.5;1042;1;6;12-18;2,11;7966737.5;7967265.0;7968250.0;15253320.0;527.5;985.0;7286055.0;eev,integrated,separated,ws;lintim;Mumford0;Mumford0;True;False;1e-05;6000;1;2;20;50;200;-5;100;0.5;2;50;250;30;20;16;1042;1042
12429117;43;g_000;1;1;36;line_consecutive;0.5;1043;1;7;18-23;2,11;5594297.5;5594640.0;5595305.0;12880980.0;342.5;665.0;7286340.0;eev,integrated,separated,ws;lintim;Mumford0;Mumford0;True;False;1e-05;6000;1;2;20;50;200;-5;100;0.5;2;50;250;30;20;16;1043;1043
12429117;44;g_000;1;1;36;line_consecutive;0.5;1044;1;8;1-23;2;5576195.0;5583207.5;5584755.0;5590347.5;7012.5;1547.5;7140.0;eev,integrated,separated,ws;lintim;Mumford0;Mumford0;True;False;1e-05;6000;1;2;20;50;200;-5;100;0.5;2;50;250;30;20;16;1044;1044
12429117;45;g_000;1;1;36;line_consecutive;0.5;1045;1;9;1-14;2;5596505.0;5602107.5;5603655.0;5609542.5;5602.5;1547.5;7435.0;eev,integrated,separated,ws;lintim;Mumford0;Mumford0;True;False;1e-05;6000;1;2;20;50;200;-5;100;0.5;2;50;250;30;20;16;1045;1045
12429117;46;g_000;1;1;36;line_consecutive;0.5;1046;1;10;9-13;3;5571242.5;5575015.0;5576940.0;5592720.0;3772.5;1925.0;17705.0;eev,integrated,separated,ws;lintim;Mumford0;Mumford0;True;False;1e-05;6000;1;2;20;50;200;-5;100;0.5;2;50;250;30;20;16;1046;1046
12429117;47;g_000;1;1;36;line_consecutive;0.5;1047;1;11;1-13;3;5564642.5;5567725.0;5569395.0;5587775.0;3082.5;1670.0;20050.0;eev,integrated,separated,ws;lintim;Mumford0;Mumford0;True;False;1e-05;6000;1;2;20;50;200;-5;100;0.5;2;50;250;30;20;16;1047;1047
12429117;48;g_000;1;1;36;line_consecutive;0.5;1048;1;12;1-29;3;5525490.0;5528510.0;5530055.0;5548560.0;3020.0;1545.0;20050.0;eev,integrated,separated,ws;lintim;Mumford0;Mumford0;True;False;1e-05;6000;1;2;20;50;200;-5;100;0.5;2;50;250;30;20;16;1048;1048
12429117;49;g_000;1;1;36;line_consecutive;0.5;1049;1;13;17-29;3;5538160.0;5541467.5;5543137.5;5561517.5;3307.5;1670.0;20050.0;eev,integrated,separated,ws;lintim;Mumford0;Mumford0;True;False;1e-05;6000;1;2;20;50;200;-5;100;0.5;2;50;250;30;20;16;1049;1049
12429117;50;g_000;1;1;36;line_consecutive;0.5;1050;1;14;17-28;3;5543815.0;5547274.999603353;5549200.0;5567580.0;3459.9996033534408;1925.0003966465592;20305.00039664656;eev,integrated,separated,ws;lintim;Mumford0;Mumford0;True;False;1e-05;6000;1;2;20;50;200;-5;100;0.5;2;50;250;30;20;16;1050;1050
12429117;51;g_000;1;1;36;line_consecutive;0.5;1051;1;15;28-30;3;5532147.5;5535502.5;5537172.5;5555552.5;3355.0;1670.0;20050.0;eev,integrated,separated,ws;lintim;Mumford0;Mumford0;True;False;1e-05;6000;1;2;20;50;200;-5;100;0.5;2;50;250;30;20;16;1051;1051
12429117;52;g_000;1;1;36;line_consecutive;0.5;1052;1;16;6-7;4,10;5563390.0;5564180.0;5565450.0;8801795.0;790.0;1270.0;3237615.0;eev,integrated,separated,ws;lintim;Mumford0;Mumford0;True;False;1e-05;6000;1;2;20;50;200;-5;100;0.5;2;50;250;30;20;16;1052;1052
12429117;53;g_000;1;1;36;line_consecutive;0.5;1053;1;17;7-14;4;5516705.0;5517070.0;5517710.0;5517710.0;365.0;640.0;640.0;eev,integrated,separated,ws;lintim;Mumford0;Mumford0;True;False;1e-05;6000;1;2;20;50;200;-5;100;0.5;2;50;250;30;20;16;1053;1053
12429117;54;g_000;1;1;36;line_consecutive;0.5;1054;1;18;14-19;4;5535277.5;5535957.5;5536807.5;5536807.5;680.0;850.0;850.0;eev,integrated,separated,ws;lintim;Mumford0;Mumford0;True;False;1e-05;6000;1;2;20;50;200;-5;100;0.5;2;50;250;30;20;16;1054;1054
12429117;55;g_000;1;1;36;line_consecutive;0.5;1055;1;19;19-20;4;5525480.0;5526160.0;5527010.0;5527010.0;680.0;850.0;850.0;eev,integrated,separated,ws;lintim;Mumford0;Mumford0;True;False;1e-05;6000;1;2;20;50;200;-5;100;0.5;2;50;250;30;20;16;1055;1055
12429117;56;g_000;1;1;36;line_consecutive;0.5;1056;1;20;15-24;5;6638395.0;6639357.5;6639912.5;6646415.0;962.5;555.0;7057.5;eev,integrated,separated,ws;lintim;Mumford0;Mumford0;True;False;1e-05;6000;1;2;20;50;200;-5;100;0.5;2;50;250;30;20;16;1056;1056
12429117;57;g_000;1;1;36;line_consecutive;0.5;1057;1;21;12-15;5,11;6704897.5;6706314.99803125;6708110.0;7404887.5;1417.4980312502012;1795.0019687497988;698572.5019687498;eev,integrated,separated,ws;lintim;Mumford0;Mumford0;True;False;1e-05;6000;1;2;20;50;200;-5;100;0.5;2;50;250;30;20;16;1057;1057
12429117;58;g_000;1;1;36;line_consecutive;0.5;1058;1;22;12-26;5;5550022.5;5553540.0;5555610.0;5562112.5;3517.5;2070.0;8572.5;eev,integrated,separated,ws;lintim;Mumford0;Mumford0;True;False;1e-05;6000;1;2;20;50;200;-5;100;0.5;2;50;250;30;20;16;1058;1058
12429117;59;g_000;1;1;36;line_consecutive;0.5;1059;1;23;3-8;6,12;5537582.5;5539792.5;5541187.5;5541187.5;2210.0;1395.0;1395.0;eev,integrated,separated,ws;lintim;Mumford0;Mumford0;True;False;1e-05;6000;1;2;20;50;200;-5;100;0.5;2;50;250;30;20;16;1059;1059
12429117;60;g_000;1;1;36;line_consecutive;0.5;1060;1;24;5-8;6;5532902.5;5534877.5;5536347.5;5536347.5;1975.0;1470.0;1470.0;eev,integrated,separated,ws;lintim;Mumford0;Mumford0;True;False;1e-05;6000;1;2;20;50;200;-5;100;0.5;2;50;250;30;20;16;1060;1060
12429117;61;g_000;1;1;36;line_consecutive;0.5;1061;1;25;10-15;7;6638505.0;6639017.5;6639262.5;6643912.5;512.5;245.0;4895.0;eev,integrated,separated,ws;lintim;Mumford0;Mumford0;True;False;1e-05;6000;1;2;20;50;200;-5;100;0.5;2;50;250;30;20;16;1061;1061
12429117;62;g_000;1;1;36;line_consecutive;0.5;1062;1;26;15-21;7;6629790.0;6629820.0;6629845.0;6634495.0;30.0;25.0;4675.0;eev,integrated,separated,ws;lintim;Mumford0;Mumford0;True;False;1e-05;6000;1;2;20;50;200;-5;100;0.5;2;50;250;30;20;16;1062;1062
12429117;63;g_000;1;1;36;line_consecutive;0.5;1063;1;27;6-16;8;5528400.0;5530452.5;5531347.5;5531347.5;2052.5;895.0;895.0;eev,integrated,separated,ws;lintim;Mumford0;Mumford0;True;False;1e-05;6000;1;2;20;50;200;-5;100;0.5;2;50;250;30;20;16;1063;1063
12429117;64;g_000;1;1;36;line_consecutive;0.5;1064;1;28;9-27;9;6598300.0;6598360.0;6598300.0;6598300.0;60.0;-60.0;-60.0;eev,integrated,separated,ws;lintim;Mumford0;Mumford0;True;False;1e-05;6000;1;2;20;50;200;-5;100;0.5;2;50;250;30;20;16;1064;1064
12429117;65;g_000;1;1;36;line_consecutive;0.5;1065;1;29;2-15;10;5574210.0;5575524.99934;5576355.0;7789340.0;1314.999339999631;830.000660000369;2213815.0006600004;eev,integrated,separated,ws;lintim;Mumford0;Mumford0;True;False;1e-05;6000;1;2;20;50;200;-5;100;0.5;2;50;250;30;20;16;1065;1065
12429117;66;g_000;1;1;36;line_consecutive;0.5;1066;1;30;8-15;10;5575185.0;5576660.0;5577550.0;7790170.0;1475.0;890.0;2213510.0;eev,integrated,separated,ws;lintim;Mumford0;Mumford0;True;False;1e-05;6000;1;2;20;50;200;-5;100;0.5;2;50;250;30;20;16;1066;1066
12429117;67;g_000;1;1;36;line_consecutive;0.5;1067;1;31;8-17;10;5582622.5;5586460.0;5588712.5;7796392.5;3837.5;2252.5;2209932.5;eev,integrated,separated,ws;lintim;Mumford0;Mumford0;True;False;1e-05;6000;1;2;20;50;200;-5;100;0.5;2;50;250;30;20;16;1067;1067
12429117;68;g_000;1;1;36;line_consecutive;0.5;1068;1;32;7-17;10;5563275.0;5564920.0;5566940.0;7778710.0;1645.0;2020.0;2213790.0;eev,integrated,separated,ws;lintim;Mumford0;Mumford0;True;False;1e-05;6000;1;2;20;50;200;-5;100;0.5;2;50;250;30;20;16;1068;1068
12429117;69;g_000;1;1;36;line_consecutive;0.5;1069;1;33;19-23;11;5554247.5;5554560.0;5555200.0;5555200.0;312.5;640.0;640.0;eev,integrated,separated,ws;lintim;Mumford0;Mumford0;True;False;1e-05;6000;1;2;20;50;200;-5;100;0.5;2;50;250;30;20;16;1069;1069
12429117;70;g_000;1;1;36;line_consecutive;0.5;1070;1;34;8-21;12;5538890.0;5539270.0;5540500.0;5540500.0;380.0;1230.0;1230.0;eev,integrated,separated,ws;lintim;Mumford0;Mumford0;True;False;1e-05;6000;1;2;20;50;200;-5;100;0.5;2;50;250;30;20;16;1070;1070
12429117;71;g_000;1;1;36;line_consecutive;0.5;1071;1;35;21-24;12;5536325.0;5536705.0;5537935.0;5537935.0;380.0;1230.0;1230.0;eev,integrated,separated,ws;lintim;Mumford0;Mumford0;True;False;1e-05;6000;1;2;20;50;200;-5;100;0.5;2;50;250;30;20;16;1071;1071
12429117;72;g_000;1;1;36;line_consecutive;0.5;1072;2;0;2-25;1;6242800.0;6252935.0;6255075.0;6278474.999640574;10135.0;2140.0;25539.999640573747;eev,integrated,separated,ws;lintim;Mumford0;Mumford0;True;False;1e-05;6000;1;2;20;50;200;-5;100;0.5;5;50;250;30;20;16;1072;1072
12429117;73;g_000;1;1;36;line_consecutive;0.5;1073;2;1;8-25;1;6233542.5;6241670.0;6243810.0;6270697.499640574;8127.5;2140.0;29027.499640573747;eev,integrated,separated,ws;lintim;Mumford0;Mumford0;True;False;1e-05;6000;1;2;20;50;200;-5;100;0.5;5;50;250;30;20;16;1073;1073
12429117;74;g_000;1;1;36;line_consecutive;0.5;1074;2;2;8-11;1;6217760.0;6223040.0;6225180.0;6252509.999640574;5280.0;2140.0;29469.999640573747;eev,integrated,separated,ws;lintim;Mumford0;Mumford0;True;False;1e-05;6000;1;2;20;50;200;-5;100;0.5;5;50;250;30;20;16;1074;1074
12429117;75;g_000;1;1;36;line_consecutive;0.5;1075;2;3;11-22;1;6182710.0;6188110.0;6190210.0;6219534.999640574;5400.0;2100.0;31424.999640573747;eev,integrated,separated,ws;lintim;Mumford0;Mumford0;True;False;1e-05;6000;1;2;20;50;200;-5;100;0.5;5;50;250;30;20;16;1075;1075
12429117;76;g_000;1;1;36;line_consecutive;0.5;1076;2;4;2-4;2;7275690.0;7275720.0;7275745.0;7342330.0;30.0;25.0;66610.0;eev,integrated,separated,ws;lintim;Mumford0;Mumford0;True;False;1e-05;6000;1;2;20;50;200;-5;100;0.5;5;50;250;30;20;16;1076;1076
12429117;77;g_000;1;1;36;line_consecutive;0.5;1077;2;5;4-12;2;7855532.5;7861537.499389137;7863677.5;7902542.5;6004.999389137141;2140.0006108628586;41005.00061086286;eev,integrated,separated,ws;lintim;Mumford0;Mumford0;True;False;1e-05;6000;1;2;20;50;200;-5;100;0.5;5;50;250;30;20;16;1077;1077
12429117;78;g_000;1;1;36;line_consecutive;0.5;1078;2;6;12-18;2,11;8591665.0;8593704.999739256;8594820.0;15831060.0;2039.999739255756;1115.000260744244;7237355.000260744;eev,integrated,separated,ws;lintim;Mumford0;Mumford0;True;False;1e-05;6000;1;2;20;50;200;-5;100;0.5;5;50;250;30;20;16;1078;1078
12429117;79;g_000;1;1;36;line_consecutive;0.5;1079;2;7;18-23;2,11;6259235.0;6260975.0;6261635.0;13498930.0;1740.0;660.0;7237955.0;eev,integrated,separated,ws;lintim;Mumford0;Mumford0;True;False;1e-05;6000;1;2;20;50;200;-5;100;0.5;5;50;250;30;20;16;1079;1079
12429117;80;g_000;1;1;36;line_consecutive;0.5;1080;2;8;1-23;2;6238390.0;6240130.0;6240790.0;6291155.0;1740.0;660.0;51025.0;eev,integrated,separated,ws;lintim;Mumford0;Mumford0;True;False;1e-05;6000;1;2;20;50;200;-5;100;0.5;5;50;250;30;20;16;1080;1080
12429117;81;g_000;1;1;36;line_consecutive;0.5;1081;2;9;1-14;2;6259120.0;6260860.0;6261520.0;6311295.0;1740.0;660.0;50435.0;eev,integrated,separated,ws;lintim;Mumford0;Mumford0;True;False;1e-05;6000;1;2;20;50;200;-5;100;0.5;5;50;250;30;20;16;1081;1081
12429117;82;g_000;1;1;36;line_consecutive;0.5;1082;2;10;9-13;3;6255535.0;6257140.0;6259280.0;6325115.0;1605.0;2140.0;67975.0;eev,integrated,separated,ws;lintim;Mumford0;Mumford0;True;False;1e-05;6000;1;2;20;50;200;-5;100;0.5;5;50;250;30;20;16;1082;1082
12429117;83;g_000;1;1;36;line_consecutive;0.5;1083;2;11;1-13;3;6239132.5;6241412.5;6243552.5;6309192.5;2280.0;2140.0;67780.0;eev,integrated,separated,ws;lintim;Mumford0;Mumford0;True;False;1e-05;6000;1;2;20;50;200;-5;100;0.5;5;50;250;30;20;16;1083;1083
12429117;84;g_000;1;1;36;line_consecutive;0.5;1084;2;12;1-29;3;6173580.0;6175620.0;6176777.5;6242417.5;2040.0;1157.5;66797.5;eev,integrated,separated,ws;lintim;Mumford0;Mumford0;True;False;1e-05;6000;1;2;20;50;200;-5;100;0.5;5;50;250;30;20;16;1084;1084
12429117;85;g_000;1;1;36;line_consecutive;0.5;1085;2;13;17-29;3;6193390.0;6196767.5;6198907.5;6264547.5;3377.5;2140.0;67780.0;eev,integrated,separated,ws;lintim;Mumford0;Mumford0;True;False;1e-05;6000;1;2;20;50;200;-5;100;0.5;5;50;250;30;20;16;1085;1085
12429117;86;g_000;1;1;36;line_consecutive;0.5;1086;2;14;17-28;3;6212015.0;6216827.5;6218967.5;6284607.5;4812.5;2140.0;67780.0;eev,integrated,separated,ws;lintim;Mumford0;Mumford0;True;False;1e-05;6000;1;2;20;50;200;-5;100;0.5;5;50;250;30;20;16;1086;1086
12429117;87;g_000;1;1;36;line_consecutive;0.5;1087;2;15;28-30;3;6169302.5;6171885.0;6173987.5;6239627.5;2582.5;2102.5;67742.5;eev,integrated,separated,ws;lintim;Mumford0;Mumford0;True;False;1e-05;6000;1;2;20;50;200;-5;100;0.5;5;50;250;30;20;16;1087;1087
12429117;88;g_000;1;1;36;line_consecutive;0.5;1088;2;16;6-7;4,10;6199135.0;6204545.0;6206465.0;9451940.0;5410.0;1920.0;3247395.0;eev,integrated,separated,ws;lintim;Mumford0;Mumford0;True;False;1e-05;6000;1;2;20;50;200;-5;100;0.5;5;50;250;30;20;16;1088;1088
12429117;89;g_000;1;1;36;line_consecutive;0.5;1089;2;17;7-14;4;6146175.0;6148092.5;6148525.0;6148525.0;1917.5;432.5;432.5;eev,integrated,separated,ws;lintim;Mumford0;Mumford0;True;False;1e-05;6000;1;2;20;50;200;-5;100;0.5;5;50;250;30;20;16;1089;1089
12429117;90;g_000;1;1;36;line_consecutive;0.5;1090;2;18;14-19;4;6196890.0;6202290.0;6204430.0;6204430.0;5400.0;2140.0;2140.0;eev,integrated,separated,ws;lintim;Mumford0;Mumford0;True;False;1e-05;6000;1;2;20;50;200;-5;100;0.5;5;50;250;30;20;16;1090;1090
12429117;91;g_000;1;1;36;line_consecutive;0.5;1091;2;19;19-20;4;6185645.0;6191045.0;6193185.0;6193185.0;5400.0;2140.0;2140.0;eev,integrated,separated,ws;lintim;Mumford0;Mumford0;True;False;1e-05;6000;1;2;20;50;200;-5;100;0.5;5;50;250;30;20;16;1091;1091
12429117;92;g_000;1;1;36;line_consecutive;0.5;1092;2;20;15-24;5;7302205.0;7302645.0;7302955.0;7343554.999770945;440.0;310.0;40909.99977094494;eev,integrated,separated,ws;lintim;Mumford0;Mumford0;True;False;1e-05;6000;1;2;20;50;200;-5;100;0.5;5;50;250;30;20;16;1092;1092
12429117;93;g_000;1;1;36;line_consecutive;0.5;1093;2;21;12-15;5,11;7395185.0;7396104.999466209;7397845.0;8176815.0;919.9994662087412;1740.000533791259;780710.0005337913;eev,integrated,separated,ws;lintim;Mumford0;Mumford0;True;False;1e-05;6000;1;2;20;50;200;-5;100;0.5;5;50;250;30;20;16;1093;1093
12429117;94;g_000;1;1;36;line_consecutive;0.5;1094;2;22;12-26;5;6241565.0;6244925.0;6247065.0;6281164.999770945;3360.0;2140.0;36239.99977094494;eev,integrated,separated,ws;lintim;Mumford0;Mumford0;True;False;1e-05;6000;1;2;20;50;200;-5;100;0.5;5;50;250;30;20;16;1094;1094
12429117;95;g_000;1;1;36;line_consecutive;0.5;1095;2;23;3-8;6,12;6235005.0;6237260.0;6237660.0;6237660.0;2255.0;400.0;400.0;eev,integrated,separated,ws;lintim;Mumford0;Mumford0;True;False;1e-05;6000;1;2;20;50;200;-5;100;0.5;5;50;250;30;20;16;1095;1095
12429117;96;g_000;1;1;36;line_consecutive;0.5;1096;2;24;5-8;6;6224395.0;6227225.0;6229365.0;6229365.0;2830.0;2140.0;2140.0;eev,integrated,separated,ws;lintim;Mumford0;Mumford0;True;False;1e-05;6000;1;2;20;50;200;-5;100;0.5;5;50;250;30;20;16;1096;1096
12429117;97;g_000;1;1;36;line_consecutive;0.5;1097;2;25;10-15;7;7310220.0;7311620.0;7313360.0;7336760.0;1400.0;1740.0;25140.0;eev,integrated,separated,ws;lintim;Mumford0;Mumford0;True;False;1e-05;6000;1;2;20;50;200;-5;100;0.5;5;50;250;30;20;16;1097;1097
12429117;98;g_000;1;1;36;line_consecutive;0.5;1098;2;26;15-21;7;7294975.0;7295005.0;7295030.0;7322430.0;30.0;25.0;27425.0;eev,integrated,separated,ws;lintim;Mumford0;Mumford0;True;False;1e-05;6000;1;2;20;50;200;-5;100;0.5;5;50;250;30;20;16;1098;1098
12429117;99;g_000;1;1;36;line_consecutive;0.5;1099;2;27;6-16;8;6196820.0;6203045.0;6205185.0;6205185.0;6225.0;2140.0;2140.0;eev,integrated,separated,ws;lintim;Mumford0;Mumford0;True;False;1e-05;6000;1;2;20;50;200;-5;100;0.5;5;50;250;30;20;16;1099;1099
12429117;100;g_000;1;1;36;line_consecutive;0.5;1100;2;28;9-27;9;7256520.0;7256580.0;7256520.0;7256520.0;60.0;-60.0;-60.0;eev,integrated,separated,ws;lintim;Mumford0;Mumford0;True;False;1e-05;6000;1;2;20;50;200;-5;100;0.5;5;50;250;30;20;16;1100;1100
12429117;101;g_000;1;1;36;line_consecutive;0.5;1101;2;29;2-15;10;6247935.0;6255800.0;6257940.0;8467815.0;7865.0;2140.0;2212015.0;eev,integrated,separated,ws;lintim;Mumford0;Mumford0;True;False;1e-05;6000;1;2;20;50;200;-5;100;0.5;5;50;250;30;20;16;1101;1101
12429117;102;g_000;1;1;36;line_consecutive;0.5;1102;2;30;8-15;10;6238545.0;6245015.0;6247155.0;8459835.0;6470.0;2140.0;2214820.0;eev,integrated,separated,ws;lintim;Mumford0;Mumford0;True;False;1e-05;6000;1;2;20;50;200;-5;100;0.5;5;50;250;30;20;16;1102;1102
12429117;103;g_000;1;1;36;line_consecutive;0.5;1103;2;31;8-17;10;6276442.5;6284462.5;6286602.5;8496252.5;8020.0;2140.0;2211790.0;eev,integrated,separated,ws;lintim;Mumford0;Mumford0;True;False;1e-05;6000;1;2;20;50;200;-5;100;0.5;5;50;250;30;20;16;1103;1103
12429117;104;g_000;1;1;36;line_consecutive;0.5;1104;2;32;7-17;10;6219055.0;6225860.0;6228000.0;8443790.0;6805.0;2140.0;2217930.0;eev,integrated,separated,ws;lintim;Mumford0;Mumford0;True;False;1e-05;6000;1;2;20;50;200;-5;100;0.5;5;50;250;30;20;16;1104;1104
12429117;105;g_000;1;1;36;line_consecutive;0.5;1105;2;33;19-23;11;6209155.0;6210755.0;6211155.0;6211155.0;1600.0;400.0;400.0;eev,integrated,separated,ws;lintim;Mumford0;Mumford0;True;False;1e-05;6000;1;2;20;50;200;-5;100;0.5;5;50;250;30;20;16;1105;1105
12429117;106;g_000;1;1;36;line_consecutive;0.5;1106;2;34;8-21;12;6236500.0;6239070.0;6240650.0;6240649.999799999;2570.0;1580.0;1579.9997999994084;eev,integrated,separated,ws;lintim;Mumford0;Mumford0;True;False;1e-05;6000;1;2;20;50;200;-5;100;0.5;5;50;250;30;20;16;1106;1106
12429117;107;g_000;1;1;36;line_consecutive;0.5;1107;2;35;21-24;12;6231940.0;6234510.0;6236090.0;6236089.999799999;2570.0;1580.0;1579.9997999994084;eev,integrated,separated,ws;lintim;Mumford0;Mumford0;True;False;1e-05;6000;1;2;20;50;200;-5;100;0.5;5;50;250;30;20;16;1107;1107
12429117;108;g_000;1;1;36;line_consecutive;0.5;1108;3;0;2-25;1;5239065.0;5242035.0;5242035.0;5242035.0;2970.0;0.0;0.0;eev,integrated,separated,ws;lintim;Mumford0;Mumford0;True;False;1e-05;6000;1;2;20;50;200;-5;100;0.75;1;50;250;30;20;16;1108;1108
12429117;109;g_000;1;1;36;line_consecutive;0.5;1109;3;1;8-25;1;5238670.0;5241640.0;5241640.0;5241640.0;2970.0;0.0;0.0;eev,integrated,separated,ws;lintim;Mumford0;Mumford0;True;False;1e-05;6000;1;2;20;50;200;-5;100;0.75;1;50;250;30;20;16;1109;1109
12429117;110;g_000;1;1;36;line_consecutive;0.5;1110;3;2;8-11;1;5230135.0;5233105.0;5233105.0;5233105.0;2970.0;0.0;0.0;eev,integrated,separated,ws;lintim;Mumford0;Mumford0;True;False;1e-05;6000;1;2;20;50;200;-5;100;0.75;1;50;250;30;20;16;1110;1110
12429117;111;g_000;1;1;36;line_consecutive;0.5;1111;3;3;11-22;1;5227765.0;5230735.0;5230735.0;5230735.0;2970.0;0.0;0.0;eev,integrated,separated,ws;lintim;Mumford0;Mumford0;True;False;1e-05;6000;1;2;20;50;200;-5;100;0.75;1;50;250;30;20;16;1111;1111
12429117;112;g_000;1;1;36;line_consecutive;0.5;1112;3;4;2-4;2;6337020.0;6337020.0;6337020.0;6343660.0;0.0;0.0;6640.0;eev,integrated,separated,ws;lintim;Mumford0;Mumford0;True;False;1e-05;6000;1;2;20;50;200;-5;100;0.75;1;50;250;30;20;16;1112;1112
12429117;113;g_000;1;1;36;line_consecutive;0.5;1113;3;5;4-12;2;6829867.5;6840207.5;6840207.5;6840327.5;10340.0;0.0;120.0;eev,integrated,separated,ws;lintim;Mumford0;Mumford0;True;False;1e-05;6000;1;2;20;50;200;-5;100;0.75;1;50;250;30;20;16;1113;1113
12429117;114;g_000;1;1;36;line_consecutive;0.5;1114;3;6;12-18;2,11;7675455.0;7679175.0;7679175.0;15001094.996703427;3720.0;0.0;7321919.996703427;eev,integrated,separated,ws;lintim;Mumford0;Mumford0;True;False;1e-05;6000;1;2;20;50;200;-5;100;0.75;1;50;250;30;20;16;1114;1114
12429117;115;g_000;1;1;36;line_consecutive;0.5;1115;3;7;18-23;2,11;5302815.0;5305385.0;5305490.0;12631309.996703427;2570.0;105.0;7325924.996703427;eev,integrated,separated,ws;lintim;Mumford0;Mumford0;True;False;1e-05;6000;1;2;20;50;200;-5;100;0.75;1;50;250;30;20;16;1115;1115
12429117;116;g_000;1;1;36;line_consecutive;0.5;1116;3;8;1-23;2;5279245.0;5282325.0;5282325.0;5284745.0;3080.0;0.0;2420.0;eev,integrated,separated,ws;lintim;Mumford0;Mumford0;True;False;1e-05;6000;1;2;20;50;200;-5;100;0.75;1;50;250;30;20;16;1116;1116
12429117;117;g_000;1;1;36;line_consecutive;0.5;1117;3;9;1-14;2;5304315.0;5307395.0;5307395.0;5309815.0;3080.0;0.0;2420.0;eev,integrated,separated,ws;lintim;Mumford0;Mumford0;True;False;1e-05;6000;1;2;20;50;200;-5;100;0.75;1;50;250;30;20;16;1117;1117
12429117;118;g_000;1;1;36;line_consecutive;0.5;1118;3;10;9-13;3;5265830.0;5270770.0;5270770.0;5285819.999487845;4940.0;0.0;15049.999487845227;eev,integrated,separated,ws;lintim;Mumford0;Mumford0;True;False;1e-05;6000;1;2;20;50;200;-5;100;0.75;1;50;250;30;20;16;1118;1118
12429117;119;g_000;1;1;36;line_consecutive;0.5;1119;3;11;1-13;3;5266800.0;5269769.999350667;5269770.0;5287419.999487845;2969.999350667;0.0006493330001831;17650.000137178227;eev,integrated,separated,ws;lintim;Mumford0;Mumford0;True;False;1e-05;6000;1;2;20;50;200;-5;100;0.75;1;50;250;30;20;16;1119;1119
12429117;120;g_000;1;1;36;line_consecutive;0.5;1120;3;12;1-29;3;5235400.0;5237200.0;5237200.0;5254849.999487845;1800.0;0.0;17649.999487845227;eev,integrated,separated,ws;lintim;Mumford0;Mumford0;True;False;1e-05;6000;1;2;20;50;200;-5;100;0.75;1;50;250;30;20;16;1120;1120
12429117;121;g_000;1;1;36;line_consecutive;0.5;1121;3;13;17-29;3;5250780.0;5252580.000001421;5252580.0;5270229.999487845;1800.0000014211982;-1.4211982488632202e-06;17649.99948642403;eev,integrated,separated,ws;lintim;Mumford0;Mumford0;True;False;1e-05;6000;1;2;20;50;200;-5;100;0.75;1;50;250;30;20;16;1121;1121
12429117;122;g_000;1;1;36;line_consecutive;0.5;1122;3;14;17-28;3;5251965.0;5254934.999998247;5254935.0;5272584.999487845;2969.999998247251;1.7527490854263306e-06;17649.999489597976;eev,integrated,separated,ws;lintim;Mumford0;Mumford0;True;False;1e-05;6000;1;2;20;50;200;-5;100;0.75;1;50;250;30;20;16;1122;1122
12429117;123;g_000;1;1;36;line_consecutive;0.5;1123;3;15;28-30;3;5244015.0;5246985.000093392;5246985.0;5264634.999487845;2970.0000933920965;-9.339209645986556e-05;17649.99939445313;eev,integrated,separated,ws;lintim;Mumford0;Mumford0;True;False;1e-05;6000;1;2;20;50;200;-5;100;0.75;1;50;250;30;20;16;1123;1123
12429117;124;g_000;1;1;36;line_consecutive;0.5;1124;3;16;6-7;4,10;5268940.0;5272179.9993410325;5272180.0;8497865.0;3239.999341032468;0.0006589675322175;3225685.0006589675;eev,integrated,separated,ws;lintim;Mumford0;Mumford0;True;False;1e-05;6000;1;2;20;50;200;-5;100;0.75;1;50;250;30;20;16;1124;1124
12429117;125;g_000;1;1;36;line_consecutive;0.5;1125;3;17;7-14;4;5238490.0;5241730.0;5241730.0;5241730.0;3240.0;0.0;0.0;eev,integrated,separated,ws;lintim;Mumford0;Mumford0;True;False;1e-05;6000;1;2;20;50;200;-5;100;0.75;1;50;250;30;20;16;1125;1125
12429117;126;g_000;1;1;36;line_consecutive;0.5;1126;3;18;14-19;4;5236315.0;5239285.000047769;5239285.0;5239285.0;2970.000047769397;-4.776939749717712e-05;-4.776939749717712e-05;eev,integrated,separated,ws;lintim;Mumford0;Mumford0;True;False;1e-05;6000;1;2;20;50;200;-5;100;0.75;1;50;250;30;20;16;1126;1126
12429117;127;g_000;1;1;36;line_consecutive;0.5;1127;3;19;19-20;4;5228412.5;5231727.5;5231727.5;5231727.5;3315.0;0.0;0.0;eev,integrated,separated,ws;lintim;Mumford0;Mumford0;True;False;1e-05;6000;1;2;20;50;200;-5;100;0.75;1;50;250;30;20;16;1127;1127
12429117;128;g_000;1;1;36;line_consecutive;0.5;1128;3;20;15-24;5;6339152.5;6340592.5;6340592.5;6340592.5;1440.0;0.0;0.0;eev,integrated,separated,ws;lintim;Mumford0;Mumford0;True;False;1e-05;6000;1;2;20;50;200;-5;100;0.75;1;50;250;30;20;16;1128;1128
12429117;129;g_000;1;1;36;line_consecutive;0.5;1129;3;21;12-15;5,11;6401710.0;6406980.0;6411105.0;7092305.0;5270.0;4125.0;685325.0;eev,integrated,separated,ws;lintim;Mumford0;Mumford0;True;False;1e-05;6000;1;2;20;50;200;-5;100;0.75;1;50;250;30;20;16;1129;1129
12429117;130;g_000;1;1;36;line_consecutive;0.5;1130;3;22;12-26;5;5252525.0;5256935.0;5256935.0;5256935.0;4410.0;0.0;0.0;eev,integrated,separated,ws;lintim;Mumford0;Mumford0;True;False;1e-05;6000;1;2;20;50;200;-5;100;0.75;1;50;250;30;20;16;1130;1130
12429117;131;g_000;1;1;36;line_consecutive;0.5;1131;3;23;3-8;6,12;5238055.0;5241025.0;5241025.0;5241025.0;2970.0;0.0;0.0;eev,integrated,separated,ws;lintim;Mumford0;Mumford0;True;False;1e-05;6000;1;2;20;50;200;-5;100;0.75;1;50;250;30;20;16;1131;1131
12429117;132;g_000;1;1;36;line_consecutive;0.5;1132;3;24;5-8;6;5235905.0;5238875.0;5238875.0;5238875.0;2970.0;0.0;0.0;eev,integrated,separated,ws;lintim;Mumford0;Mumford0;True;False;1e-05;6000;1;2;20;50;200;-5;100;0.75;1;50;250;30;20;16;1132;1132
12429117;133;g_000;1;1;36;line_consecutive;0.5;1133;3;25;10-15;7;6344860.0;6344860.0;6344860.0;6344860.0;0.0;0.0;0.0;eev,integrated,separated,ws;lintim;Mumford0;Mumford0;True;False;1e-05;6000;1;2;20;50;200;-5;100;0.75;1;50;250;30;20;16;1133;1133
12429117;134;g_000;1;1;36;line_consecutive;0.5;1134;3;26;15-21;7;6338140.0;6338140.0;6338140.0;6338140.0;0.0;0.0;0.0;eev,integrated,separated,ws;lintim;Mumford0;Mumford0;True;False;1e-05;6000;1;2;20;50;200;-5;100;0.75;1;50;250;30;20;16;1134;1134
12429117;135;g_000;1;1;36;line_consecutive;0.5;1135;3;27;6-16;8;5229715.0;5233765.0;5233765.0;5233765.0;4050.0;0.0;0.0;eev,integrated,separated,ws;lintim;Mumford0;Mumford0;True;False;1e-05;6000;1;2;20;50;200;-5;100;0.75;1;50;250;30;20;16;1135;1135
12429117;136;g_000;1;1;36;line_consecutive;0.5;1136;3;28;9-27;9;6312860.0;6312860.0;6312860.0;6312860.0;0.0;0.0;0.0;eev,integrated,separated,ws;lintim;Mumford0;Mumford0;True;False;1e-05;6000;1;2;20;50;200;-5;100;0.75;1;50;250;30;20;16;1136;1136
12429117;137;g_000;1;1;36;line_consecutive;0.5;1137;3;29;2-15;10;5269600.0;5272570.0;5272570.0;7486315.0;2970.0;0.0;2213745.0;eev,integrated,separated,ws;lintim;Mumford0;Mumford0;True;False;1e-05;6000;1;2;20;50;200;-5;100;0.75;1;50;250;30;20;16;1137;1137
12429117;138;g_000;1;1;36;line_consecutive;0.5;1138;3;30;8-15;10;5274235.0;5277205.0;5277205.0;7490490.0;2970.0;0.0;2213285.0;eev,integrated,separated,ws;lintim;Mumford0;Mumford0;True;False;1e-05;6000;1;2;20;50;200;-5;100;0.75;1;50;250;30;20;16;1138;1138
12429117;139;g_000;1;1;36;line_consecutive;0.5;1139;3;31;8-17;10;5280100.0;5283070.0;5283070.0;7496372.5;2970.0;0.0;2213302.5;eev,integrated,separated,ws;lintim;Mumford0;Mumford0;True;False;1e-05;6000;1;2;20;50;200;-5;100;0.75;1;50;250;30;20;16;1139;1139
12429117;140;g_000;1;1;36;line_consecutive;0.5;1140;3;32;7-17;10;5263965.0;5268375.0;5268375.0;7481825.0;4410.0;0.0;2213450.0;eev,integrated,separated,ws;lintim;Mumford0;Mumford0;True;False;1e-05;6000;1;2;20;50;200;-5;100;0.75;1;50;250;30;20;16;1140;1140
12429117;141;g_000;1;1;36;line_consecutive;0.5;1141;3;33;19-23;11;5268205.0;5270775.0;5270880.0;5270880.0;2570.0;105.0;105.0;eev,integrated,separated,ws;lintim;Mumford0;Mumford0;True;False;1e-05;6000;1;2;20;50;200;-5;100;0.75;1;50;250;30;20;16;1141;1141
12429117;142;g_000;1;1;36;line_consecutive;0.5;1142;3;34;8-21;12;5243265.0;5247675.0;5247675.0;5247675.0;4410.0;0.0;0.0;eev,integrated,separated,ws;lintim;Mumford0;Mumford0;True;False;1e-05;6000;1;2;20;50;200;-5;100;0.75;1;50;250;30;20;16;1142;1142
12429117;143;g_000;1;1;36;line_consecutive;0.5;1143;3;35;21-24;12;5240325.0;5244735.0;5244735.0;5244735.0;4410.0;0.0;0.0;eev,integrated,separated,ws;lintim;Mumford0;Mumford0;True;False;1e-05;6000;1;2;20;50;200;-5;100;0.75;1;50;250;30;20;16;1143;1143
12429117;144;g_000;1;1;36;line_consecutive;0.5;1144;4;0;2-25;1;5343842.5;5347142.5;5349141.25;5349141.25;3300.0;1998.75;1998.75;eev,integrated,separated,ws;lintim;Mumford0;Mumford0;True;False;1e-05;6000;1;2;20;50;200;-5;100;0.75;2;50;250;30;20;16;1144;1144
12429117;145;g_000;1;1;36;line_consecutive;0.5;1145;4;1;8-25;1;5343237.5;5346537.5;5348566.25;5348566.25;3300.0;2028.75;2028.75;eev,integrated,separated,ws;lintim;Mumford0;Mumford0;True;False;1e-05;6000;1;2;20;50;200;-5;100;0.75;2;50;250;30;20;16;1145;1145
12429117;146;g_000;1;1;36;line_consecutive;0.5;1146;4;2;8-11;1;5331442.5;5335337.5;5337366.25;5337366.25;3895.0;2028.75;2028.75;eev,integrated,separated,ws;lintim;Mumford0;Mumford0;True;False;1e-05;6000;1;2;20;50;200;-5;100;0.75;2;50;250;30;20;16;1146;1146
12429117;147;g_000;1;1;36;line_consecutive;0.5;1147;4;3;11-22;1;5333837.5;5338210.0;5340238.75;5340238.75;4372.5;2028.75;2028.75;eev,integrated,separated,ws;lintim;Mumford0;Mumford0;True;False;1e-05;6000;1;2;20;50;200;-5;100;0.75;2;50;250;30;20;16;1147;1147
12429117;148;g_000;1;1;36;line_consecutive;0.5;1148;4;4;2-4;2;6438476.25;6438510.0;6438510.0;6446444.989014569;33.75;0.0;7934.989014568739;eev,integrated,separated,ws;lintim;Mumford0;Mumford0;True;False;1e-05;6000;1;2;20;50;200;-5;100;0.75;2;50;250;30;20;16;1148;1148
12429117;149;g_000;1;1;36;line_consecutive;0.5;1149;4;5;4-12;2;6939713.75;6950067.5;6952506.25;6951441.239014569;10353.75;2438.75;1373.7390145687386;eev,integrated,separated,ws;lintim;Mumford0;Mumford0;True;False;1e-05;6000;1;2;20;50;200;-5;100;0.75;2;50;250;30;20;16;1149;1149
12429117;150;g_000;1;1;36;line_consecutive;0.5;1150;4;6;12-18;2,11;7775067.5;7778895.0;7780988.75;15090442.5;3827.5;2093.75;7311547.5;eev,integrated,separated,ws;lintim;Mumford0;Mumford0;True;False;1e-05;6000;1;2;20;50;200;-5;100;0.75;2;50;250;30;20;16;1150;1150
12429117;151;g_000;1;1;36;line_consecutive;0.5;1151;4;7;18-23;2,11;5403202.5;5404706.25;5405816.25;12719245.0;1503.75;1110.0;7314538.75;eev,integrated,separated,ws;lintim;Mumford0;Mumford0;True;False;1e-05;6000;1;2;20;50;200;-5;100;0.75;2;50;250;30;20;16;1151;1151
12429117;152;g_000;1;1;36;line_consecutive;0.5;1152;4;8;1-23;2;5379672.5;5382665.0;5385243.75;5386478.739014569;2992.5;2578.75;3813.739014568738;eev,integrated,separated,ws;lintim;Mumford0;Mumford0;True;False;1e-05;6000;1;2;20;50;200;-5;100;0.75;2;50;250;30;20;16;1152;1152
12429117;153;g_000;1;1;36;line_consecutive;0.5;1153;4;9;1-14;2;5404582.5;5407575.0;5410153.75;5411388.739014569;2992.5;2578.75;3813.739014568738;eev,integrated,separated,ws;lintim;Mumford0;Mumford0;True;False;1e-05;6000;1;2;20;50;200;-5;100;0.75;2;50;250;30;20;16;1153;1153
12429117;154;g_000;1;1;36;line_consecutive;0.5;1154;4;10;9-13;3;5370232.5;5374868.75;5376487.5;5391217.5;4636.25;1618.75;16348.75;eev,integrated,separated,ws;lintim;Mumford0;Mumford0;True;False;1e-05;6000;1;2;20;50;200;-5;100;0.75;2;50;250;30;20;16;1154;1154
12429117;155;g_000;1;1;36;line_consecutive;0.5;1155;4;11;1-13;3;5367537.5;5370733.75;5372352.5;5389682.5;3196.25;1618.75;18948.75;eev,integrated,separated,ws;lintim;Mumford0;Mumford0;True;False;1e-05;6000;1;2;20;50;200;-5;100;0.75;2;50;250;30;20;16;1155;1155
12429117;156;g_000;1;1;36;line_consecutive;0.5;1156;4;12;1-29;3;5330773.75;5332453.75;5334006.25;5351363.75;1680.0;1552.5;18910.0;eev,integrated,separated,ws;lintim;Mumford0;Mumford0;True;False;1e-05;6000;1;2;20;50;200;-5;100;0.75;2;50;250;30;20;16;1156;1156
12429117;157;g_000;1;1;36;line_consecutive;0.5;1157;4;13;17-29;3;5341555.0;5343623.75;5345203.75;5362533.75;2068.75;1580.0;18910.0;eev,integrated,separated,ws;lintim;Mumford0;Mumford0;True;False;1e-05;6000;1;2;20;50;200;-5;100;0.75;2;50;250;30;20;16;1157;1157
12429117;158;g_000;1;1;36;line_consecutive;0.5;1158;4;14;17-28;3;5349571.25;5352645.0;5354266.25;5371596.25;3073.75;1621.25;18951.25;eev,integrated,separated,ws;lintim;Mumford0;Mumford0;True;False;1e-05;6000;1;2;20;50;200;-5;100;0.75;2;50;250;30;20;16;1158;1158
12429117;159;g_000;1;1;36;line_consecutive;0.5;1159;4;15;28-30;3;5334963.75;5337023.749258158;5338761.25;5356091.25;2059.999258157797;1737.5007418422028;19067.500741842203;eev,integrated,separated,ws;lintim;Mumford0;Mumford0;True;False;1e-05;6000;1;2;20;50;200;-5;100;0.75;2;50;250;30;20;16;1159;1159
12429117;160;g_000;1;1;36;line_consecutive;0.5;1160;4;16;6-7;4,10;5374077.5;5377292.5;5378471.25;8600597.499538876;3215.0;1178.75;3223304.999538876;eev,integrated,separated,ws;lintim;Mumford0;Mumford0;True;False;1e-05;6000;1;2;20;50;200;-5;100;0.75;2;50;250;30;20;16;1160;1160
12429117;161;g_000;1;1;36;line_consecutive;0.5;1161;4;17;7-14;4;5332116.25;5334846.25;5335956.25;5334986.248777449;2730.0;1110.0;139.998777449131;eev,integrated,separated,ws;lintim;Mumford0;Mumford0;True;False;1e-05;6000;1;2;20;50;200;-5;100;0.75;2;50;250;30;20;16;1161;1161
12429117;162;g_000;1;1;36;line_consecutive;0.5;1162;4;18;14-19;4;5341305.0;5344042.5;5345482.5;5344512.498777449;2737.5;1440.0;469.998777449131;eev,integrated,separated,ws;lintim;Mumford0;Mumford0;True;False;1e-05;6000;1;2;20;50;200;-5;100;0.75;2;50;250;30;20;16;1162;1162
12429117;163;g_000;1;1;36;line_consecutive;0.5;1163;4;19;19-20;4;5332588.75;5335326.25;5337187.5;5336217.498777449;2737.5;1861.25;891.248777449131;eev,integrated,separated,ws;lintim;Mumford0;Mumford0;True;False;1e-05;6000;1;2;20;50;200;-5;100;0.75;2;50;250;30;20;16;1163;1163
12429117;164;g_000;1;1;36;line_consecutive;0.5;1164;4;20;15-24;5;6442361.25;6443676.25;6443676.25;6443676.25;1315.0;0.0;0.0;eev,integrated,separated,ws;lintim;Mumford0;Mumford0;True;False;1e-05;6000;1;2;20;50;200;-5;100;0.75;2;50;250;30;20;16;1164;1164
12429117;165;g_000;1;1;36;line_consecutive;0.5;1165;4;21;12-15;5,11;6510446.25;6515295.0;6516811.25;7200932.5;4848.75;1516.25;685637.5;eev,integrated,separated,ws;lintim;Mumford0;Mumford0;True;False;1e-05;6000;1;2;20;50;200;-5;100;0.75;2;50;250;30;20;16;1165;1165
12429117;166;g_000;1;1;36;line_consecutive;0.5;1166;4;22;12-26;5;5348031.25;5351731.25;5356688.75;5356688.75;3700.0;4957.5;4957.5;eev,integrated,separated,ws;lintim;Mumford0;Mumford0;True;False;1e-05;6000;1;2;20;50;200;-5;100;0.75;2;50;250;30;20;16;1166;1166
12429117;167;g_000;1;1;36;line_consecutive;0.5;1167;4;23;3-8;6,12;5341295.0;5344161.25;5345340.0;5345340.0;2866.25;1178.75;1178.75;eev,integrated,separated,ws;lintim;Mumford0;Mumford0;True;False;1e-05;6000;1;2;20;50;200;-5;100;0.75;2;50;250;30;20;16;1167;1167
12429117;168;g_000;1;1;36;line_consecutive;0.5;1168;4;24;5-8;6;5338701.25;5341731.25;5342910.0;5342910.0;3030.0;1178.75;1178.75;eev,integrated,separated,ws;lintim;Mumford0;Mumford0;True;False;1e-05;6000;1;2;20;50;200;-5;100;0.75;2;50;250;30;20;16;1168;1168
12429117;169;g_000;1;1;36;line_consecutive;0.5;1169;4;25;10-15;7;6447392.5;6447392.5;6447392.5;6450027.5;0.0;0.0;2635.0;eev,integrated,separated,ws;lintim;Mumford0;Mumford0;True;False;1e-05;6000;1;2;20;50;200;-5;100;0.75;2;50;250;30;20;16;1169;1169
12429117;170;g_000;1;1;36;line_consecutive;0.5;1170;4;26;15-21;7;6442525.0;6443157.5;6443302.5;6445937.5;632.5;145.0;2780.0;eev,integrated,separated,ws;lintim;Mumford0;Mumford0;True;False;1e-05;6000;1;2;20;50;200;-5;100;0.75;2;50;250;30;20;16;1170;1170
12429117;171;g_000;1;1;36;line_consecutive;0.5;1171;4;27;6-16;8;5334967.5;5338701.25;5339850.0;5339850.0;3733.75;1148.75;1148.75;eev,integrated,separated,ws;lintim;Mumford0;Mumford0;True;False;1e-05;6000;1;2;20;50;200;-5;100;0.75;2;50;250;30;20;16;1171;1171
12429117;172;g_000;1;1;36;line_consecutive;0.5;1172;4;28;9-27;9;6412325.0;6412325.0;6412325.0;6412325.0;0.0;0.0;0.0;eev,integrated,separated,ws;lintim;Mumford0;Mumford0;True;False;1e-05;6000;1;2;20;50;200;-5;100;0.75;2;50;250;30;20;16;1172;1172
12429117;173;g_000;1;1;36;line_consecutive;0.5;1173;4;29;2-15;10;5378800.0;5381022.5;5382201.25;7594750.0;2222.5;1178.75;2213727.5;eev,integrated,separated,ws;lintim;Mumford0;Mumford0;True;False;1e-05;6000;1;2;20;50;200;-5;100;0.75;2;50;250;30;20;16;1173;1173
12429117;174;g_000;1;1;36;line_consecutive;0.5;1174;4;30;8-15;10;5383306.25;5386682.5;5387880.0;7597455.0;3376.25;1197.5;2210772.5;eev,integrated,separated,ws;lintim;Mumford0;Mumford0;True;False;1e-05;6000;1;2;20;50;200;-5;100;0.75;2;50;250;30;20;16;1174;1174
12429117;175;g_000;1;1;36;line_consecutive;0.5;1175;4;31;8-17;10;5389446.25;5393843.75;5394882.5;7603111.25;4397.5;1038.75;2209267.5;eev,integrated,separated,ws;lintim;Mumford0;Mumford0;True;False;1e-05;6000;1;2;20;50;200;-5;100;0.75;2;50;250;30;20;16;1175;1175
12429117;176;g_000;1;1;36;line_consecutive;0.5;1176;4;32;7-17;10;5370847.5;5376002.5;5379583.75;7589637.5;5155.0;3581.25;2213635.0;eev,integrated,separated,ws;lintim;Mumford0;Mumford0;True;False;1e-05;6000;1;2;20;50;200;-5;100;0.75;2;50;250;30;20;16;1176;1176
12429117;177;g_000;1;1;36;line_consecutive;0.5;1177;4;33;19-23;11;5367193.75;5368643.75;5369753.75;5368783.75;1450.0;1110.0;140.0;eev,integrated,separated,ws;lintim;Mumford0;Mumford0;True;False;1e-05;6000;1;2;20;50;200;-5;100;0.75;2;50;250;30;20;16;1177;1177
12429117;178;g_000;1;1;36;line_consecutive;0.5;1178;4;34;8-21;12;5345195.0;5349500.0;5350678.75;5350678.75;4305.0;1178.75;1178.75;eev,integrated,separated,ws;lintim;Mumford0;Mumford0;True;False;1e-05;6000;1;2;20;50;200;-5;100;0.75;2;50;250;30;20;16;1178;1178
12429117;179;g_000;1;1;36;line_consecutive;0.5;1179;4;35;21-24;12;5342620.0;5346925.0;5348103.75;5348103.75;4305.0;1178.75;1178.75;eev,integrated,separated,ws;lintim;Mumford0;Mumford0;True;False;1e-05;6000;1;2;20;50;200;-5;100;0.75;2;50;250;30;20;16;1179;1179
12429117;180;g_000;1;1;36;line_consecutive;0.5;1180;5;0;2-25;1;5556207.5;5561747.5;5563495.0;5563479.997506285;5540.0;1747.5;1732.4975062850865;eev,integrated,separated,ws;lintim;Mumford0;Mumford0;True;False;1e-05;6000;1;2;20;50;200;-5;100;0.75;5;50;250;30;20;16;1180;1180
12429117;181;g_000;1;1;36;line_consecutive;0.5;1181;5;1;8-25;1;5561867.5;5567305.0;5568342.5;5568327.497506285;5437.5;1037.5;1022.4975062850864;eev,integrated,separated,ws;lintim;Mumford0;Mumford0;True;False;1e-05;6000;1;2;20;50;200;-5;100;0.75;5;50;250;30;20;16;1181;1181
12429117;182;g_000;1;1;36;line_consecutive;0.5;1182;5;2;8-11;1;5533452.5;5538415.0;5539452.5;5539437.497506285;4962.5;1037.5;1022.4975062850864;eev,integrated,separated,ws;lintim;Mumford0;Mumford0;True;False;1e-05;6000;1;2;20;50;200;-5;100;0.75;5;50;250;30;20;16;1182;1182
12429117;183;g_000;1;1;36;line_consecutive;0.5;1183;5;3;11-22;1;5538315.0;5543860.0;5544825.0;5544809.997506285;5545.0;965.0;949.9975062850864;eev,integrated,separated,ws;lintim;Mumford0;Mumford0;True;False;1e-05;6000;1;2;20;50;200;-5;100;0.75;5;50;250;30;20;16;1183;1183
12429117;184;g_000;1;1;36;line_consecutive;0.5;1184;5;4;2-4;2;6670300.0;6671390.0;6672270.0;6682905.0;1090.0;880.0;11515.0;eev,integrated,separated,ws;lintim;Mumford0;Mumford0;True;False;1e-05;6000;1;2;20;50;200;-5;100;0.75;5;50;250;30;20;16;1184;1184
12429117;185;g_000;1;1;36;line_consecutive;0.5;1185;5;5;4-12;2;7194962.5;7208355.0;7211372.5;7210212.5;13392.5;3017.5;1857.5;eev,integrated,separated,ws;lintim;Mumford0;Mumford0;True;False;1e-05;6000;1;2;20;50;200;-5;100;0.75;5;50;250;30;20;16;1185;1185
12429117;186;g_000;1;1;36;line_consecutive;0.5;1186;5;6;12-18;2,11;8001817.5;8003617.5;8003632.5;15285064.999501023;1800.0;15.0;7281447.499501023;eev,integrated,separated,ws;lintim;Mumford0;Mumford0;True;False;1e-05;6000;1;2;20;50;200;-5;100;0.75;5;50;250;30;20;16;1186;1186
12429117;187;g_000;1;1;36;line_consecutive;0.5;1187;5;7;18-23;2,11;5629405.0;5631205.0;5631220.0;12916292.499501023;1800.0;15.0;7285087.499501023;eev,integrated,separated,ws;lintim;Mumford0;Mumford0;True;False;1e-05;6000;1;2;20;50;200;-5;100;0.75;5;50;250;30;20;16;1187;1187
12429117;188;g_000;1;1;36;line_consecutive;0.5;1188;5;8;1-23;2;5604402.5;5607792.5;5608382.5;5616112.5;3390.0;590.0;8320.0;eev,integrated,separated,ws;lintim;Mumford0;Mumford0;True;False;1e-05;6000;1;2;20;50;200;-5;100;0.75;5;50;250;30;20;16;1188;1188
12429117;189;g_000;1;1;36;line_consecutive;0.5;1189;5;9;1-14;2;5632200.0;5636565.0;5639562.5;5641972.5;4365.0;2997.5;5407.5;eev,integrated,separated,ws;lintim;Mumford0;Mumford0;True;False;1e-05;6000;1;2;20;50;200;-5;100;0.75;5;50;250;30;20;16;1189;1189
12429117;190;g_000;1;1;36;line_consecutive;0.5;1190;5;10;9-13;3;5590431.25;5597500.0;5599445.0;5642030.0;7068.75;1945.0;44530.0;eev,integrated,separated,ws;lintim;Mumford0;Mumford0;True;False;1e-05;6000;1;2;20;50;200;-5;100;0.75;5;50;250;30;20;16;1190;1190
12429117;191;g_000;1;1;36;line_consecutive;0.5;1191;5;11;1-13;3;5582307.5;5587429.997651693;5588437.5;5631142.5;5122.497651693411;1007.5023483065888;43712.50234830659;eev,integrated,separated,ws;lintim;Mumford0;Mumford0;True;False;1e-05;6000;1;2;20;50;200;-5;100;0.75;5;50;250;30;20;16;1191;1191
12429117;192;g_000;1;1;36;line_consecutive;0.5;1192;5;12;1-29;3;5523110.0;5526777.5;5528212.5;5570917.5;3667.5;1435.0;44140.0;eev,integrated,separated,ws;lintim;Mumford0;Mumford0;True;False;1e-05;6000;1;2;20;50;200;-5;100;0.75;5;50;250;30;20;16;1192;1192
12429117;193;g_000;1;1;36;line_consecutive;0.5;1193;5;13;17-29;3;5534887.5;5538179.999229721;5538612.5;5581317.5;3292.4992297207937;432.5007702792064;43137.500770279206;eev,integrated,separated,ws;lintim;Mumford0;Mumford0;True;False;1e-05;6000;1;2;20;50;200;-5;100;0.75;5;50;250;30;20;16;1193;1193
12429117;194;g_000;1;1;36;line_consecutive;0.5;1194;5;14;17-28;3;5553482.5;5557965.0;5559002.5;5601707.5;4482.5;1037.5;43742.5;eev,integrated,separated,ws;lintim;Mumford0;Mumford0;True;False;1e-05;6000;1;2;20;50;200;-5;100;0.75;5;50;250;30;20;16;1194;1194
12429117;195;g_000;1;1;36;line_consecutive;0.5;1195;5;15;28-30;3;5523875.0;5526950.0;5527225.0;5569930.0;3075.0;275.0;42980.0;eev,integrated,separated,ws;lintim;Mumford0;Mumford0;True;False;1e-05;6000;1;2;20;50;200;-5;100;0.75;5;50;250;30;20;16;1195;1195
12429117;196;g_000;1;1;36;line_consecutive;0.5;1196;5;16;6-7;4,10;5575615.0;5580090.0;5581332.5;8812915.0;4475.0;1242.5;3232825.0;eev,integrated,separated,ws;lintim;Mumford0;Mumford0;True;False;1e-05;6000;1;2;20;50;200;-5;100;0.75;5;50;250;30;20;16;1196;1196
12429117;197;g_000;1;1;36;line_consecutive;0.5;1197;5;17;7-14;4;5529002.5;5532775.0;5532752.5;5532737.497506285;3772.5;-22.5;-37.502493714913726;eev,integrated,separated,ws;lintim;Mumford0;Mumford0;True;False;1e-05;6000;1;2;20;50;200;-5;100;0.75;5;50;250;30;20;16;1197;1197
12429117;198;g_000;1;1;36;line_consecutive;0.5;1198;5;18;14-19;4;5552447.5;5556367.5;5557247.5;5557232.497506285;3920.0;880.0;864.9975062850863;eev,integrated,separated,ws;lintim;Mumford0;Mumford0;True;False;1e-05;6000;1;2;20;50;200;-5;100;0.75;5;50;250;30;20;16;1198;1198
12429117;199;g_000;1;1;36;line_consecutive;0.5;1199;5;19;19-20;4;5545930.0;5550275.0;5551155.0;5551139.997506285;4345.0;880.0;864.9975062850863;eev,integrated,separated,ws;lintim;Mumford0;Mumford0;True;False;1e-05;6000;1;2;20;50;200;-5;100;0.75;5;50;250;30;20;16;1199;1199
12429117;200;g_000;1;1;36;line_consecutive;0.5;1200;5;20;15-24;5;6676638.75;6678675.0;6678912.5;6678897.5;2036.25;237.5;222.5;eev,integrated,separated,ws;lintim;Mumford0;Mumford0;True;False;1e-05;6000;1;2;20;50;200;-5;100;0.75;5;50;250;30;20;16;1200;1200
12429117;201;g_000;1;1;36;line_consecutive;0.5;1201;5;21;12-15;5,11;6751542.5;6754570.0;6754585.0;7483320.0;3027.5;15.0;728750.0;eev,integrated,separated,ws;lintim;Mumford0;Mumford0;True;False;1e-05;6000;1;2;20;50;200;-5;100;0.75;5;50;250;30;20;16;1201;1201
12429117;202;g_000;1;1;36;line_consecutive;0.5;1202;5;22;12-26;5;5565347.5;5570585.0;5573065.0;5573050.0;5237.5;2480.0;2465.0;eev,integrated,separated,ws;lintim;Mumford0;Mumford0;True;False;1e-05;6000;1;2;20;50;200;-5;100;0.75;5;50;250;30;20;16;1202;1202
12429117;203;g_000;1;1;36;line_consecutive;0.5;1203;5;23;3-8;6,12;5568687.5;5572617.5;5573812.5;5573797.5;3930.0;1195.0;1180.0;eev,integrated,separated,ws;lintim;Mumford0;Mumford0;True;False;1e-05;6000;1;2;20;50;200;-5;100;0.75;5;50;250;30;20;16;1203;1203
12429117;204;g_000;1;1;36;line_consecutive;0.5;1204;5;24;5-8;6;5566052.5;5569407.5;5570347.5;5570340.710376307;3355.0;940.0;933.2103763073684;eev,integrated,separated,ws;lintim;Mumford0;Mumford0;True;False;1e-05;6000;1;2;20;50;200;-5;100;0.75;5;50;250;30;20;16;1204;1204
12429117;205;g_000;1;1;36;line_consecutive;0.5;1205;5;25;10-15;7;6683500.0;6683500.0;6683515.0;6695975.0;0.0;15.0;12475.0;eev,integrated,separated,ws;lintim;Mumford0;Mumford0;True;False;1e-05;6000;1;2;20;50;200;-5;100;0.75;5;50;250;30;20;16;1205;1205
12429117;206;g_000;1;1;36;line_consecutive;0.5;1206;5;26;15-21;7;6674650.0;6674940.0;6675820.0;6689880.0;290.0;880.0;14940.0;eev,integrated,separated,ws;lintim;Mumford0;Mumford0;True;False;1e-05;6000;1;2;20;50;200;-5;100;0.75;5;50;250;30;20;16;1206;1206
12429117;207;g_000;1;1;36;line_consecutive;0.5;1207;5;27;6-16;8;5561272.5;5567742.5;5568692.5;5568692.5;6470.0;950.0;950.0;eev,integrated,separated,ws;lintim;Mumford0;Mumford0;True;False;1e-05;6000;1;2;20;50;200;-5;100;0.75;5;50;250;30;20;16;1207;1207
12429117;208;g_000;1;1;36;line_consecutive;0.5;1208;5;28;9-27;9;6642650.0;6642650.0;6642665.0;6642665.0;0.0;15.0;15.0;eev,integrated,separated,ws;lintim;Mumford0;Mumford0;True;False;1e-05;6000;1;2;20;50;200;-5;100;0.75;5;50;250;30;20;16;1208;1208
12429117;209;g_000;1;1;36;line_consecutive;0.5;1209;5;29;2-15;10;5593520.0;5602786.25;5604178.75;7813726.247069459;9266.25;1392.5;2210939.9970694594;eev,integrated,separated,ws;lintim;Mumford0;Mumford0;True;False;1e-05;6000;1;2;20;50;200;-5;100;0.75;5;50;250;30;20;16;1209;1209
12429117;210;g_000;1;1;36;line_consecutive;0.5;1210;5;30;8-15;10;5595302.5;5604650.0;5606230.0;7814607.497069459;9347.5;1580.0;2209957.4970694594;eev,integrated,separated,ws;lintim;Mumford0;Mumford0;True;False;1e-05;6000;1;2;20;50;200;-5;100;0.75;5;50;250;30;20;16;1210;1210
12429117;211;g_000;1;1;36;line_consecutive;0.5;1211;5;31;8-17;10;5630217.5;5637267.5;5638147.5;7836124.997069459;7050.0;880.0;2198857.4970694594;eev,integrated,separated,ws;lintim;Mumford0;Mumford0;True;False;1e-05;6000;1;2;20;50;200;-5;100;0.75;5;50;250;30;20;16;1211;1211
12429117;212;g_000;1;1;36;line_consecutive;0.5;1212;5;32;7-17;10;5578917.5;5584017.5;5585162.5;7798772.497069459;5100.0;1145.0;2214754.9970694594;eev,integrated,separated,ws;lintim;Mumford0;Mumford0;True;False;1e-05;6000;1;2;20;50;200;-5;100;0.75;5;50;250;30;20;16;1212;1212
12429117;213;g_000;1;1;36;line_consecutive;0.5;1213;5;33;19-23;11;5592430.0;5594222.5;5594237.5;5594222.497631086;1792.5;15.0;-0.002368913963437;eev,integrated,separated,ws;lintim;Mumford0;Mumford0;True;False;1e-05;6000;1;2;20;50;200;-5;100;0.75;5;50;250;30;20;16;1213;1213
12429117;214;g_000;1;1;36;line_consecutive;0.5;1214;5;34;8-21;12;5574637.5;5578952.5;5579832.5;5579817.5;4315.0;880.0;865.0;eev,integrated,separated,ws;lintim;Mumford0;Mumford0;True;False;1e-05;6000;1;2;20;50;200;-5;100;0.75;5;50;250;30;20;16;1214;1214
12429117;215;g_000;1;1;36;line_consecutive;0.5;1215;5;35;21-24;12;5571407.5;5576377.5;5577257.5;5577242.5;4970.0;880.0;865.0;eev,integrated,separated,ws;lintim;Mumford0;Mumford0;True;False;1e-05;6000;1;2;20;50;200;-5;100;0.75;5;50;250;30;20;16;1215;1215
12429117;216;g_000;1;1;36;line_consecutive;0.5;1216;6;0;2-25;1;5239065.0;5242035.0;5242035.0;5242035.0;2970.0;0.0;0.0;eev,integrated,separated,ws;lintim;Mumford0;Mumford0;True;False;1e-05;6000;1;2;20;50;200;-5;100;1.0;1;50;250;30;20;16;1216;1216
12429117;217;g_000;1;1;36;line_consecutive;0.5;1217;6;1;8-25;1;5238670.0;5241640.0;5241640.0;5241640.0;2970.0;0.0;0.0;eev,integrated,separated,ws;lintim;Mumford0;Mumford0;True;False;1e-05;6000;1;2;20;50;200;-5;100;1.0;1;50;250;30;20;16;1217;1217
12429117;218;g_000;1;1;36;line_consecutive;0.5;1218;6;2;8-11;1;5230135.0;5233105.0;5233105.0;5233105.0;2970.0;0.0;0.0;eev,integrated,separated,ws;lintim;Mumford0;Mumford0;True;False;1e-05;6000;1;2;20;50;200;-5;100;1.0;1;50;250;30;20;16;1218;1218
12429117;219;g_000;1;1;36;line_consecutive;0.5;1219;6;3;11-22;1;5227765.0;5230735.0;5230735.0;5230735.0;2970.0;0.0;0.0;eev,integrated,separated,ws;lintim;Mumford0;Mumford0;True;False;1e-05;6000;1;2;20;50;200;-5;100;1.0;1;50;250;30;20;16;1219;1219
12429117;220;g_000;1;1;36;line_consecutive;0.5;1220;6;4;2-4;2;6337020.0;6337020.0;6337020.0;6343660.0;0.0;0.0;6640.0;eev,integrated,separated,ws;lintim;Mumford0;Mumford0;True;False;1e-05;6000;1;2;20;50;200;-5;100;1.0;1;50;250;30;20;16;1220;1220
12429117;221;g_000;1;1;36;line_consecutive;0.5;1221;6;5;4-12;2;6829867.5;6840207.5;6840207.5;6840327.5;10340.0;0.0;120.0;eev,integrated,separated,ws;lintim;Mumford0;Mumford0;True;False;1e-05;6000;1;2;20;50;200;-5;100;1.0;1;50;250;30;20;16;1221;1221
12429117;222;g_000;1;1;36;line_consecutive;0.5;1222;6;6;12-18;2,11;7675455.0;7679175.0;7679175.0;15001094.996703427;3720.0;0.0;7321919.996703427;eev,integrated,separated,ws;lintim;Mumford0;Mumford0;True;False;1e-05;6000;1;2;20;50;200;-5;100;1.0;1;50;250;30;20;16;1222;1222
12429117;223;g_000;1;1;36;line_consecutive;0.5;1223;6;7;18-23;2,11;5302815.0;5305385.0;5305490.0;12631309.996703427;2570.0;105.0;7325924.996703427;eev,integrated,separated,ws;lintim;Mumford0;Mumford0;True;False;1e-05;6000;1;2;20;50;200;-5;100;1.0;1;50;250;30;20;16;1223;1223
12429117;224;g_000;1;1;36;line_consecutive;0.5;1224;6;8;1-23;2;5279245.0;5282325.0;5282325.0;5284745.0;3080.0;0.0;2420.0;eev,integrated,separated,ws;lintim;Mumford0;Mumford0;True;False;1e-05;6000;1;2;20;50;200;-5;100;1.0;1;50;250;30;20;16;1224;1224
12429117;225;g_000;1;1;36;line_consecutive;0.5;1225;6;9;1-14;2;5304315.0;5307395.0;5307395.0;5309815.0;3080.0;0.0;2420.0;eev,integrated,separated,ws;lintim;Mumford0;Mumford0;True;False;1e-05;6000;1;2;20;50;200;-5;100;1.0;1;50;250;30;20;16;1225;1225
12429117;226;g_000;1;1;36;line_consecutive;0.5;1226;6;10;9-13;3;5265830.0;5270770.0;5270770.0;5285819.999487845;4940.0;0.0;15049.999487845227;eev,integrated,separated,ws;lintim;Mumford0;Mumford0;True;False;1e-05;6000;1;2;20;50;200;-5;100;1.0;1;50;250;30;20;16;1226;1226
12429117;227;g_000;1;1;36;line_consecutive;0.5;1227;6;11;1-13;3;5266800.0;5269769.999350667;5269770.0;5287419.999487845;2969.999350667;0.0006493330001831;17650.000137178227;eev,integrated,separated,ws;lintim;Mumford0;Mumford0;True;False;1e-05;6000;1;2;20;50;200;-5;100;1.0;1;50;250;30;20;16;1227;1227
12429117;228;g_000;1;1;36;line_consecutive;0.5;1228;6;12;1-29;3;5235400.0;5237200.0;5237200.0;5254849.999487845;1800.0;0.0;17649.999487845227;eev,integrated,separated,ws;lintim;Mumford0;Mumford0;True;False;1e-05;6000;1;2;20;50;200;-5;100;1.0;1;50;250;30;20;16;1228;1228
12429117;229;g_000;1;1;36;line_consecutive;0.5;1229;6;13;17-29;3;5250780.0;5252580.000001421;5252580.0;5270229.999487845;1800.0000014211982;-1.4211982488632202e-06;17649.99948642403;eev,integrated,separated,ws;lintim;Mumford0;Mumford0;True;False;1e-05;6000;1;2;20;50;200;-5;100;1.0;1;50;250;30;20;16;1229;1229
12429117;230;g_000;1;1;36;line_consecutive;0.5;1230;6;14;17-28;3;5251965.0;5254934.999998247;5254935.0;5272584.999487845;2969.999998247251;1.7527490854263306e-06;17649.999489597976;eev,integrated,separated,ws;lintim;Mumford0;Mumford0;True;False;1e-05;6000;1;2;20;50;200;-5;100;1.0;1;50;250;30;20;16;1230;1230
12429117;231;g_000;1;1;36;line_consecutive;0.5;1231;6;15;28-30;3;5244015.0;5246985.000093392;5246985.0;5264634.999487845;2970.0000933920965;-9.339209645986556e-05;17649.99939445313;eev,integrated,separated,ws;lintim;Mumford0;Mumford0;True;False;1e-05;6000;1;2;20;50;200;-5;100;1.0;1;50;250;30;20;16;1231;1231
12429117;232;g_000;1;1;36;line_consecutive;0.5;1232;6;16;6-7;4,10;5268940.0;5272179.9993410325;5272180.0;8497865.0;3239.999341032468;0.0006589675322175;3225685.0006589675;eev,integrated,separated,ws;lintim;Mumford0;Mumford0;True;False;1e-05;6000;1;2;20;50;200;-5;100;1.0;1;50;250;30;20;16;1232;1232
12429117;233;g_000;1;1;36;line_consecutive;0.5;1233;6;17;7-14;4;5238490.0;5241730.0;5241730.0;5241730.0;3240.0;0.0;0.0;eev,integrated,separated,ws;lintim;Mumford0;Mumford0;True;False;1e-05;6000;1;2;20;50;200;-5;100;1.0;1;50;250;30;20;16;1233;1233
12429117;234;g_000;1;1;36;line_consecutive;0.5;1234;6;18;14-19;4;5236315.0;5239285.000047769;5239285.0;5239285.0;2970.000047769397;-4.776939749717712e-05;-4.776939749717712e-05;eev,integrated,separated,ws;lintim;Mumford0;Mumford0;True;False;1e-05;6000;1;2;20;50;200;-5;100;1.0;1;50;250;30;20;16;1234;1234
12429117;235;g_000;1;1;36;line_consecutive;0.5;1235;6;19;19-20;4;5228412.5;5231727.5;5231727.5;5231727.5;3315.0;0.0;0.0;eev,integrated,separated,ws;lintim;Mumford0;Mumford0;True;False;1e-05;6000;1;2;20;50;200;-5;100;1.0;1;50;250;30;20;16;1235;1235
12429117;236;g_000;1;1;36;line_consecutive;0.5;1236;6;20;15-24;5;6339152.5;6340592.5;6340592.5;6340592.5;1440.0;0.0;0.0;eev,integrated,separated,ws;lintim;Mumford0;Mumford0;True;False;1e-05;6000;1;2;20;50;200;-5;100;1.0;1;50;250;30;20;16;1236;1236
12429117;237;g_000;1;1;36;line_consecutive;0.5;1237;6;21;12-15;5,11;6401710.0;6406980.0;6411105.0;7092305.0;5270.0;4125.0;685325.0;eev,integrated,separated,ws;lintim;Mumford0;Mumford0;True;False;1e-05;6000;1;2;20;50;200;-5;100;1.0;1;50;250;30;20;16;1237;1237
12429117;238;g_000;1;1;36;line_consecutive;0.5;1238;6;22;12-26;5;5252525.0;5256935.0;5256935.0;5256935.0;4410.0;0.0;0.0;eev,integrated,separated,ws;lintim;Mumford0;Mumford0;True;False;1e-05;6000;1;2;20;50;200;-5;100;1.0;1;50;250;30;20;16;1238;1238
12429117;239;g_000;1;1;36;line_consecutive;0.5;1239;6;23;3-8;6,12;5238055.0;5241025.0;5241025.0;5241025.0;2970.0;0.0;0.0;eev,integrated,separated,ws;lintim;Mumford0;Mumford0;True;False;1e-05;6000;1;2;20;50;200;-5;100;1.0;1;50;250;30;20;16;1239;1239
12429117;240;g_000;1;1;36;line_consecutive;0.5;1240;6;24;5-8;6;5235905.0;5238875.0;5238875.0;5238875.0;2970.0;0.0;0.0;eev,integrated,separated,ws;lintim;Mumford0;Mumford0;True;False;1e-05;6000;1;2;20;50;200;-5;100;1.0;1;50;250;30;20;16;1240;1240
12429117;241;g_000;1;1;36;line_consecutive;0.5;1241;6;25;10-15;7;6344860.0;6344860.0;6344860.0;6344860.0;0.0;0.0;0.0;eev,integrated,separated,ws;lintim;Mumford0;Mumford0;True;False;1e-05;6000;1;2;20;50;200;-5;100;1.0;1;50;250;30;20;16;1241;1241
12429117;242;g_000;1;1;36;line_consecutive;0.5;1242;6;26;15-21;7;6338140.0;6338140.0;6338140.0;6338140.0;0.0;0.0;0.0;eev,integrated,separated,ws;lintim;Mumford0;Mumford0;True;False;1e-05;6000;1;2;20;50;200;-5;100;1.0;1;50;250;30;20;16;1242;1242
12429117;243;g_000;1;1;36;line_consecutive;0.5;1243;6;27;6-16;8;5229715.0;5233765.0;5233765.0;5233765.0;4050.0;0.0;0.0;eev,integrated,separated,ws;lintim;Mumford0;Mumford0;True;False;1e-05;6000;1;2;20;50;200;-5;100;1.0;1;50;250;30;20;16;1243;1243
12429117;244;g_000;1;1;36;line_consecutive;0.5;1244;6;28;9-27;9;6312860.0;6312860.0;6312860.0;6312860.0;0.0;0.0;0.0;eev,integrated,separated,ws;lintim;Mumford0;Mumford0;True;False;1e-05;6000;1;2;20;50;200;-5;100;1.0;1;50;250;30;20;16;1244;1244
12429117;245;g_000;1;1;36;line_consecutive;0.5;1245;6;29;2-15;10;5269600.0;5272570.0;5272570.0;7486315.0;2970.0;0.0;2213745.0;eev,integrated,separated,ws;lintim;Mumford0;Mumford0;True;False;1e-05;6000;1;2;20;50;200;-5;100;1.0;1;50;250;30;20;16;1245;1245
12429117;246;g_000;1;1;36;line_consecutive;0.5;1246;6;30;8-15;10;5274235.0;5277205.0;5277205.0;7490490.0;2970.0;0.0;2213285.0;eev,integrated,separated,ws;lintim;Mumford0;Mumford0;True;False;1e-05;6000;1;2;20;50;200;-5;100;1.0;1;50;250;30;20;16;1246;1246
12429117;247;g_000;1;1;36;line_consecutive;0.5;1247;6;31;8-17;10;5280100.0;5283070.0;5283070.0;7496372.5;2970.0;0.0;2213302.5;eev,integrated,separated,ws;lintim;Mumford0;Mumford0;True;False;1e-05;6000;1;2;20;50;200;-5;100;1.0;1;50;250;30;20;16;1247;1247
12429117;248;g_000;1;1;36;line_consecutive;0.5;1248;6;32;7-17;10;5263965.0;5268375.0;5268375.0;7481825.0;4410.0;0.0;2213450.0;eev,integrated,separated,ws;lintim;Mumford0;Mumford0;True;False;1e-05;6000;1;2;20;50;200;-5;100;1.0;1;50;250;30;20;16;1248;1248
12429117;249;g_000;1;1;36;line_consecutive;0.5;1249;6;33;19-23;11;5268205.0;5270775.0;5270880.0;5270880.0;2570.0;105.0;105.0;eev,integrated,separated,ws;lintim;Mumford0;Mumford0;True;False;1e-05;6000;1;2;20;50;200;-5;100;1.0;1;50;250;30;20;16;1249;1249
12429117;250;g_000;1;1;36;line_consecutive;0.5;1250;6;34;8-21;12;5243265.0;5247675.0;5247675.0;5247675.0;4410.0;0.0;0.0;eev,integrated,separated,ws;lintim;Mumford0;Mumford0;True;False;1e-05;6000;1;2;20;50;200;-5;100;1.0;1;50;250;30;20;16;1250;1250
12429117;251;g_000;1;1;36;line_consecutive;0.5;1251;6;35;21-24;12;5240325.0;5244735.0;5244735.0;5244735.0;4410.0;0.0;0.0;eev,integrated,separated,ws;lintim;Mumford0;Mumford0;True;False;1e-05;6000;1;2;20;50;200;-5;100;1.0;1;50;250;30;20;16;1251;1251
12429117;252;g_000;1;1;36;line_consecutive;0.5;1252;7;0;2-25;1;5239065.0;5242035.0;5242035.0;5242035.0;2970.0;0.0;0.0;eev,integrated,separated,ws;lintim;Mumford0;Mumford0;True;False;1e-05;6000;1;2;20;50;200;-5;100;1.0;2;50;250;30;20;16;1252;1252
12429117;253;g_000;1;1;36;line_consecutive;0.5;1253;7;1;8-25;1;5238670.0;5241640.0;5241640.0;5241640.0;2970.0;0.0;0.0;eev,integrated,separated,ws;lintim;Mumford0;Mumford0;True;False;1e-05;6000;1;2;20;50;200;-5;100;1.0;2;50;250;30;20;16;1253;1253
12429117;254;g_000;1;1;36;line_consecutive;0.5;1254;7;2;8-11;1;5230135.0;5233105.0;5233105.0;5233105.0;2970.0;0.0;0.0;eev,integrated,separated,ws;lintim;Mumford0;Mumford0;True;False;1e-05;6000;1;2;20;50;200;-5;100;1.0;2;50;250;30;20;16;1254;1254
12429117;255;g_000;1;1;36;line_consecutive;0.5;1255;7;3;11-22;1;5227765.0;5230735.0;5230735.0;5230735.0;2970.0;0.0;0.0;eev,integrated,separated,ws;lintim;Mumford0;Mumford0;True;False;1e-05;6000;1;2;20;50;200;-5;100;1.0;2;50;250;30;20;16;1255;1255
12429117;256;g_000;1;1;36;line_consecutive;0.5;1256;7;4;2-4;2;6337020.0;6337020.0;6337020.0;6343660.0;0.0;0.0;6640.0;eev,integrated,separated,ws;lintim;Mumford0;Mumford0;True;False;1e-05;6000;1;2;20;50;200;-5;100;1.0;2;50;250;30;20;16;1256;1256
12429117;257;g_000;1;1;36;line_consecutive;0.5;1257;7;5;4-12;2;6829867.5;6840207.5;6840207.5;6840327.5;10340.0;0.0;120.0;eev,integrated,separated,ws;lintim;Mumford0;Mumford0;True;False;1e-05;6000;1;2;20;50;200;-5;100;1.0;2;50;250;30;20;16;1257;1257
12429117;258;g_000;1;1;36;line_consecutive;0.5;1258;7;6;12-18;2,11;7675455.0;7679175.0;7679175.0;15001094.996703427;3720.0;0.0;7321919.996703427;eev,integrated,separated,ws;lintim;Mumford0;Mumford0;True;False;1e-05;6000;1;2;20;50;200;-5;100;1.0;2;50;250;30;20;16;1258;1258
12429117;259;g_000;1;1;36;line_consecutive;0.5;1259;7;7;18-23;2,11;5302815.0;5305385.0;5305490.0;12631309.996703427;2570.0;105.0;7325924.996703427;eev,integrated,separated,ws;lintim;Mumford0;Mumford0;True;False;1e-05;6000;1;2;20;50;200;-5;100;1.0;2;50;250;30;20;16;1259;1259
12429117;260;g_000;1;1;36;line_consecutive;0.5;1260;7;8;1-23;2;5279245.0;5282325.0;5282325.0;5284745.0;3080.0;0.0;2420.0;eev,integrated,separated,ws;lintim;Mumford0;Mumford0;True;False;1e-05;6000;1;2;20;50;200;-5;100;1.0;2;50;250;30;20;16;1260;1260
12429117;261;g_000;1;1;36;line_consecutive;0.5;1261;7;9;1-14;2;5304315.0;5307395.0;5307395.0;5309815.0;3080.0;0.0;2420.0;eev,integrated,separated,ws;lintim;Mumford0;Mumford0;True;False;1e-05;6000;1;2;20;50;200;-5;100;1.0;2;50;250;30;20;16;1261;1261
12429117;262;g_000;1;1;36;line_consecutive;0.5;1262;7;10;9-13;3;5265830.0;5270770.0;5270770.0;5285819.999487845;4940.0;0.0;15049.999487845227;eev,integrated,separated,ws;lintim;Mumford0;Mumford0;True;False;1e-05;6000;1;2;20;50;200;-5;100;1.0;2;50;250;30;20;16;1262;1262
12429117;263;g_000;1;1;36;line_consecutive;0.5;1263;7;11;1-13;3;5266800.0;5269769.999350667;5269770.0;5287419.999487845;2969.999350667;0.0006493330001831;17650.000137178227;eev,integrated,separated,ws;lintim;Mumford0;Mumford0;True;False;1e-05;6000;1;2;20;50;200;-5;100;1.0;2;50;250;30;20;16;1263;1263
12429117;264;g_000;1;1;36;line_consecutive;0.5;1264;7;12;1-29;3;5235400.0;5237200.0;5237200.0;5254849.999487845;1800.0;0.0;17649.999487845227;eev,integrated,separated,ws;lintim;Mumford0;Mumford0;True;False;1e-05;6000;1;2;20;50;200;-5;100;1.0;2;50;250;30;20;16;1264;1264
12429117;265;g_000;1;1;36;line_consecutive;0.5;1265;7;13;17-29;3;5250780.0;5252580.000001421;5252580.0;5270229.999487845;1800.0000014211982;-1.4211982488632202e-06;17649.99948642403;eev,integrated,separated,ws;lintim;Mumford0;Mumford0;True;False;1e-05;6000;1;2;20;50;200;-5;100;1.0;2;50;250;30;20;16;1265;1265
12429117;266;g_000;1;1;36;line_consecutive;0.5;1266;7;14;17-28;3;5251965.0;5254934.999998247;5254935.0;5272584.999487845;2969.999998247251;1.7527490854263306e-06;17649.999489597976;eev,integrated,separated,ws;lintim;Mumford0;Mumford0;True;False;1e-05;6000;1;2;20;50;200;-5;100;1.0;2;50;250;30;20;16;1266;1266
12429117;267;g_000;1;1;36;line_consecutive;0.5;1267;7;15;28-30;3;5244015.0;5246985.000093392;5246985.0;5264634.999487845;2970.0000933920965;-9.339209645986556e-05;17649.99939445313;eev,integrated,separated,ws;lintim;Mumford0;Mumford0;True;False;1e-05;6000;1;2;20;50;200;-5;100;1.0;2;50;250;30;20;16;1267;1267
12429117;268;g_000;1;1;36;line_consecutive;0.5;1268;7;16;6-7;4,10;5268940.0;5272179.9993410325;5272180.0;8497865.0;3239.999341032468;0.0006589675322175;3225685.0006589675;eev,integrated,separated,ws;lintim;Mumford0;Mumford0;True;False;1e-05;6000;1;2;20;50;200;-5;100;1.0;2;50;250;30;20;16;1268;1268
12429117;269;g_000;1;1;36;line_consecutive;0.5;1269;7;17;7-14;4;5238490.0;5241730.0;5241730.0;5241730.0;3240.0;0.0;0.0;eev,integrated,separated,ws;lintim;Mumford0;Mumford0;True;False;1e-05;6000;1;2;20;50;200;-5;100;1.0;2;50;250;30;20;16;1269;1269
12429117;270;g_000;1;1;36;line_consecutive;0.5;1270;7;18;14-19;4;5236315.0;5239285.000047769;5239285.0;5239285.0;2970.000047769397;-4.776939749717712e-05;-4.776939749717712e-05;eev,integrated,separated,ws;lintim;Mumford0;Mumford0;True;False;1e-05;6000;1;2;20;50;200;-5;100;1.0;2;50;250;30;20;16;1270;1270
12429117;271;g_000;1;1;36;line_consecutive;0.5;1271;7;19;19-20;4;5228412.5;5231727.5;5231727.5;5231727.5;3315.0;0.0;0.0;eev,integrated,separated,ws;lintim;Mumford0;Mumford0;True;False;1e-05;6000;1;2;20;50;200;-5;100;1.0;2;50;250;30;20;16;1271;1271
12429117;272;g_000;1;1;36;line_consecutive;0.5;1272;7;20;15-24;5;6339152.5;6340592.5;6340592.5;6340592.5;1440.0;0.0;0.0;eev,integrated,separated,ws;lintim;Mumford0;Mumford0;True;False;1e-05;6000;1;2;20;50;200;-5;100;1.0;2;50;250;30;20;16;1272;1272
12429117;273;g_000;1;1;36;line_consecutive;0.5;1273;7;21;12-15;5,11;6401710.0;6406980.0;6411105.0;7092305.0;5270.0;4125.0;685325.0;eev,integrated,separated,ws;lintim;Mumford0;Mumford0;True;False;1e-05;6000;1;2;20;50;200;-5;100;1.0;2;50;250;30;20;16;1273;1273
12429117;274;g_000;1;1;36;line_consecutive;0.5;1274;7;22;12-26;5;5252525.0;5256935.0;5256935.0;5256935.0;4410.0;0.0;0.0;eev,integrated,separated,ws;lintim;Mumford0;Mumford0;True;False;1e-05;6000;1;2;20;50;200;-5;100;1.0;2;50;250;30;20;16;1274;1274
12429117;275;g_000;1;1;36;line_consecutive;0.5;1275;7;23;3-8;6,12;5238055.0;5241025.0;5241025.0;5241025.0;2970.0;0.0;0.0;eev,integrated,separated,ws;lintim;Mumford0;Mumford0;True;False;1e-05;6000;1;2;20;50;200;-5;100;1.0;2;50;250;30;20;16;1275;1275
12429117;276;g_000;1;1;36;line_consecutive;0.5;1276;7;24;5-8;6;5235905.0;5238875.0;5238875.0;5238875.0;2970.0;0.0;0.0;eev,integrated,separated,ws;lintim;Mumford0;Mumford0;True;False;1e-05;6000;1;2;20;50;200;-5;100;1.0;2;50;250;30;20;16;1276;1276
12429117;277;g_000;1;1;36;line_consecutive;0.5;1277;7;25;10-15;7;6344860.0;6344860.0;6344860.0;6344860.0;0.0;0.0;0.0;eev,integrated,separated,ws;lintim;Mumford0;Mumford0;True;False;1e-05;6000;1;2;20;50;200;-5;100;1.0;2;50;250;30;20;16;1277;1277
12429117;278;g_000;1;1;36;line_consecutive;0.5;1278;7;26;15-21;7;6338140.0;6338140.0;6338140.0;6338140.0;0.0;0.0;0.0;eev,integrated,separated,ws;lintim;Mumford0;Mumford0;True;False;1e-05;6000;1;2;20;50;200;-5;100;1.0;2;50;250;30;20;16;1278;1278
12429117;279;g_000;1;1;36;line_consecutive;0.5;1279;7;27;6-16;8;5229715.0;5233765.0;5233765.0;5233765.0;4050.0;0.0;0.0;eev,integrated,separated,ws;lintim;Mumford0;Mumford0;True;False;1e-05;6000;1;2;20;50;200;-5;100;1.0;2;50;250;30;20;16;1279;1279
12429117;280;g_000;1;1;36;line_consecutive;0.5;1280;7;28;9-27;9;6312860.0;6312860.0;6312860.0;6312860.0;0.0;0.0;0.0;eev,integrated,separated,ws;lintim;Mumford0;Mumford0;True;False;1e-05;6000;1;2;20;50;200;-5;100;1.0;2;50;250;30;20;16;1280;1280
12429117;281;g_000;1;1;36;line_consecutive;0.5;1281;7;29;2-15;10;5269600.0;5272570.0;5272570.0;7486315.0;2970.0;0.0;2213745.0;eev,integrated,separated,ws;lintim;Mumford0;Mumford0;True;False;1e-05;6000;1;2;20;50;200;-5;100;1.0;2;50;250;30;20;16;1281;1281
12429117;282;g_000;1;1;36;line_consecutive;0.5;1282;7;30;8-15;10;5274235.0;5277205.0;5277205.0;7490490.0;2970.0;0.0;2213285.0;eev,integrated,separated,ws;lintim;Mumford0;Mumford0;True;False;1e-05;6000;1;2;20;50;200;-5;100;1.0;2;50;250;30;20;16;1282;1282
12429117;283;g_000;1;1;36;line_consecutive;0.5;1283;7;31;8-17;10;5280100.0;5283070.0;5283070.0;7496372.5;2970.0;0.0;2213302.5;eev,integrated,separated,ws;lintim;Mumford0;Mumford0;True;False;1e-05;6000;1;2;20;50;200;-5;100;1.0;2;50;250;30;20;16;1283;1283
12429117;284;g_000;1;1;36;line_consecutive;0.5;1284;7;32;7-17;10;5263965.0;5268375.0;5268375.0;7481825.0;4410.0;0.0;2213450.0;eev,integrated,separated,ws;lintim;Mumford0;Mumford0;True;False;1e-05;6000;1;2;20;50;200;-5;100;1.0;2;50;250;30;20;16;1284;1284
12429117;285;g_000;1;1;36;line_consecutive;0.5;1285;7;33;19-23;11;5268205.0;5270775.0;5270880.0;5270880.0;2570.0;105.0;105.0;eev,integrated,separated,ws;lintim;Mumford0;Mumford0;True;False;1e-05;6000;1;2;20;50;200;-5;100;1.0;2;50;250;30;20;16;1285;1285
12429117;286;g_000;1;1;36;line_consecutive;0.5;1286;7;34;8-21;12;5243265.0;5247675.0;5247675.0;5247675.0;4410.0;0.0;0.0;eev,integrated,separated,ws;lintim;Mumford0;Mumford0;True;False;1e-05;6000;1;2;20;50;200;-5;100;1.0;2;50;250;30;20;16;1286;1286
12429117;287;g_000;1;1;36;line_consecutive;0.5;1287;7;35;21-24;12;5240325.0;5244735.0;5244735.0;5244735.0;4410.0;0.0;0.0;eev,integrated,separated,ws;lintim;Mumford0;Mumford0;True;False;1e-05;6000;1;2;20;50;200;-5;100;1.0;2;50;250;30;20;16;1287;1287
12429117;288;g_000;1;1;36;line_consecutive;0.5;1288;8;0;2-25;1;5239065.0;5242035.0;5242035.0;5242035.0;2970.0;0.0;0.0;eev,integrated,separated,ws;lintim;Mumford0;Mumford0;True;False;1e-05;6000;1;2;20;50;200;-5;100;1.0;5;50;250;30;20;16;1288;1288
12429117;289;g_000;1;1;36;line_consecutive;0.5;1289;8;1;8-25;1;5238670.0;5241640.0;5241640.0;5241640.0;2970.0;0.0;0.0;eev,integrated,separated,ws;lintim;Mumford0;Mumford0;True;False;1e-05;6000;1;2;20;50;200;-5;100;1.0;5;50;250;30;20;16;1289;1289
12429117;290;g_000;1;1;36;line_consecutive;0.5;1290;8;2;8-11;1;5230135.0;5233105.0;5233105.0;5233105.0;2970.0;0.0;0.0;eev,integrated,separated,ws;lintim;Mumford0;Mumford0;True;False;1e-05;6000;1;2;20;50;200;-5;100;1.0;5;50;250;30;20;16;1290;1290
12429117;291;g_000;1;1;36;line_consecutive;0.5;1291;8;3;11-22;1;5227765.0;5230735.0;5230735.0;5230735.0;2970.0;0.0;0.0;eev,integrated,separated,ws;lintim;Mumford0;Mumford0;True;False;1e-05;6000;1;2;20;50;200;-5;100;1.0;5;50;250;30;20;16;1291;1291
12429117;292;g_000;1;1;36;line_consecutive;0.5;1292;8;4;2-4;2;6337020.0;6337020.0;6337020.0;6343660.0;0.0;0.0;6640.0;eev,integrated,separated,ws;lintim;Mumford0;Mumford0;True;False;1e-05;6000;1;2;20;50;200;-5;100;1.0;5;50;250;30;20;16;1292;1292
12429117;293;g_000;1;1;36;line_consecutive;0.5;1293;8;5;4-12;2;6829867.5;6840207.5;6840207.5;6840327.5;10340.0;0.0;120.0;eev,integrated,separated,ws;lintim;Mumford0;Mumford0;True;False;1e-05;6000;1;2;20;50;200;-5;100;1.0;5;50;250;30;20;16;1293;1293
12429117;294;g_000;1;1;36;line_consecutive;0.5;1294;8;6;12-18;2,11;7675455.0;7679175.0;7679175.0;15001094.996703427;3720.0;0.0;7321919.996703427;eev,integrated,separated,ws;lintim;Mumford0;Mumford0;True;False;1e-05;6000;1;2;20;50;200;-5;100;1.0;5;50;250;30;20;16;1294;1294
12429117;295;g_000;1;1;36;line_consecutive;0.5;1295;8;7;18-23;2,11;5302815.0;5305385.0;5305490.0;12631309.996703427;2570.0;105.0;7325924.996703427;eev,integrated,separated,ws;lintim;Mumford0;Mumford0;True;False;1e-05;6000;1;2;20;50;200;-5;100;1.0;5;50;250;30;20;16;1295;1295
12429117;296;g_000;1;1;36;line_consecutive;0.5;1296;8;8;1-23;2;5279245.0;5282325.0;5282325.0;5284745.0;3080.0;0.0;2420.0;eev,integrated,separated,ws;lintim;Mumford0;Mumford0;True;False;1e-05;6000;1;2;20;50;200;-5;100;1.0;5;50;250;30;20;16;1296;1296
12429117;297;g_000;1;1;36;line_consecutive;0.5;1297;8;9;1-14;2;5304315.0;5307395.0;5307395.0;5309815.0;3080.0;0.0;2420.0;eev,integrated,separated,ws;lintim;Mumford0;Mumford0;True;False;1e-05;6000;1;2;20;50;200;-5;100;1.0;5;50;250;30;20;16;1297;1297
12429117;298;g_000;1;1;36;line_consecutive;0.5;1298;8;10;9-13;3;5265830.0;5270770.0;5270770.0;5285819.999487845;4940.0;0.0;15049.999487845227;eev,integrated,separated,ws;lintim;Mumford0;Mumford0;True;False;1e-05;6000;1;2;20;50;200;-5;100;1.0;5;50;250;30;20;16;1298;1298
12429117;299;g_000;1;1;36;line_consecutive;0.5;1299;8;11;1-13;3;5266800.0;5269769.999350667;5269770.0;5287419.999487845;2969.999350667;0.0006493330001831;17650.000137178227;eev,integrated,separated,ws;lintim;Mumford0;Mumford0;True;False;1e-05;6000;1;2;20;50;200;-5;100;1.0;5;50;250;30;20;16;1299;1299
12429117;300;g_000;1;1;36;line_consecutive;0.5;1300;8;12;1-29;3;5235400.0;5237200.0;5237200.0;5254849.999487845;1800.0;0.0;17649.999487845227;eev,integrated,separated,ws;lintim;Mumford0;Mumford0;True;False;1e-05;6000;1;2;20;50;200;-5;100;1.0;5;50;250;30;20;16;1300;1300
12429117;301;g_000;1;1;36;line_consecutive;0.5;1301;8;13;17-29;3;5250780.0;5252580.000001421;5252580.0;5270229.999487845;1800.0000014211982;-1.4211982488632202e-06;17649.99948642403;eev,integrated,separated,ws;lintim;Mumford0;Mumford0;True;False;1e-05;6000;1;2;20;50;200;-5;100;1.0;5;50;250;30;20;16;1301;1301
12429117;302;g_000;1;1;36;line_consecutive;0.5;1302;8;14;17-28;3;5251965.0;5254934.999998247;5254935.0;5272584.999487845;2969.999998247251;1.7527490854263306e-06;17649.999489597976;eev,integrated,separated,ws;lintim;Mumford0;Mumford0;True;False;1e-05;6000;1;2;20;50;200;-5;100;1.0;5;50;250;30;20;16;1302;1302
12429117;303;g_000;1;1;36;line_consecutive;0.5;1303;8;15;28-30;3;5244015.0;5246985.000093392;5246985.0;5264634.999487845;2970.0000933920965;-9.339209645986556e-05;17649.99939445313;eev,integrated,separated,ws;lintim;Mumford0;Mumford0;True;False;1e-05;6000;1;2;20;50;200;-5;100;1.0;5;50;250;30;20;16;1303;1303
12429117;304;g_000;1;1;36;line_consecutive;0.5;1304;8;16;6-7;4,10;5268940.0;5272179.9993410325;5272180.0;8497865.0;3239.999341032468;0.0006589675322175;3225685.0006589675;eev,integrated,separated,ws;lintim;Mumford0;Mumford0;True;False;1e-05;6000;1;2;20;50;200;-5;100;1.0;5;50;250;30;20;16;1304;1304
12429117;305;g_000;1;1;36;line_consecutive;0.5;1305;8;17;7-14;4;5238490.0;5241730.0;5241730.0;5241730.0;3240.0;0.0;0.0;eev,integrated,separated,ws;lintim;Mumford0;Mumford0;True;False;1e-05;6000;1;2;20;50;200;-5;100;1.0;5;50;250;30;20;16;1305;1305
12429117;306;g_000;1;1;36;line_consecutive;0.5;1306;8;18;14-19;4;5236315.0;5239285.000047769;5239285.0;5239285.0;2970.000047769397;-4.776939749717712e-05;-4.776939749717712e-05;eev,integrated,separated,ws;lintim;Mumford0;Mumford0;True;False;1e-05;6000;1;2;20;50;200;-5;100;1.0;5;50;250;30;20;16;1306;1306
12429117;307;g_000;1;1;36;line_consecutive;0.5;1307;8;19;19-20;4;5228412.5;5231727.5;5231727.5;5231727.5;3315.0;0.0;0.0;eev,integrated,separated,ws;lintim;Mumford0;Mumford0;True;False;1e-05;6000;1;2;20;50;200;-5;100;1.0;5;50;250;30;20;16;1307;1307
12429117;308;g_000;1;1;36;line_consecutive;0.5;1308;8;20;15-24;5;6339152.5;6340592.5;6340592.5;6340592.5;1440.0;0.0;0.0;eev,integrated,separated,ws;lintim;Mumford0;Mumford0;True;False;1e-05;6000;1;2;20;50;200;-5;100;1.0;5;50;250;30;20;16;1308;1308
12429117;309;g_000;1;1;36;line_consecutive;0.5;1309;8;21;12-15;5,11;6401710.0;6406980.0;6411105.0;7092305.0;5270.0;4125.0;685325.0;eev,integrated,separated,ws;lintim;Mumford0;Mumford0;True;False;1e-05;6000;1;2;20;50;200;-5;100;1.0;5;50;250;30;20;16;1309;1309
12429117;310;g_000;1;1;36;line_consecutive;0.5;1310;8;22;12-26;5;5252525.0;5256935.0;5256935.0;5256935.0;4410.0;0.0;0.0;eev,integrated,separated,ws;lintim;Mumford0;Mumford0;True;False;1e-05;6000;1;2;20;50;200;-5;100;1.0;5;50;250;30;20;16;1310;1310
12429117;311;g_000;1;1;36;line_consecutive;0.5;1311;8;23;3-8;6,12;5238055.0;5241025.0;5241025.0;5241025.0;2970.0;0.0;0.0;eev,integrated,separated,ws;lintim;Mumford0;Mumford0;True;False;1e-05;6000;1;2;20;50;200;-5;100;1.0;5;50;250;30;20;16;1311;1311
12429117;312;g_000;1;1;36;line_consecutive;0.5;1312;8;24;5-8;6;5235905.0;5238875.0;5238875.0;5238875.0;2970.0;0.0;0.0;eev,integrated,separated,ws;lintim;Mumford0;Mumford0;True;False;1e-05;6000;1;2;20;50;200;-5;100;1.0;5;50;250;30;20;16;1312;1312
12429117;313;g_000;1;1;36;line_consecutive;0.5;1313;8;25;10-15;7;6344860.0;6344860.0;6344860.0;6344860.0;0.0;0.0;0.0;eev,integrated,separated,ws;lintim;Mumford0;Mumford0;True;False;1e-05;6000;1;2;20;50;200;-5;100;1.0;5;50;250;30;20;16;1313;1313
12429117;314;g_000;1;1;36;line_consecutive;0.5;1314;8;26;15-21;7;6338140.0;6338140.0;6338140.0;6338140.0;0.0;0.0;0.0;eev,integrated,separated,ws;lintim;Mumford0;Mumford0;True;False;1e-05;6000;1;2;20;50;200;-5;100;1.0;5;50;250;30;20;16;1314;1314
12429117;315;g_000;1;1;36;line_consecutive;0.5;1315;8;27;6-16;8;5229715.0;5233765.0;5233765.0;5233765.0;4050.0;0.0;0.0;eev,integrated,separated,ws;lintim;Mumford0;Mumford0;True;False;1e-05;6000;1;2;20;50;200;-5;100;1.0;5;50;250;30;20;16;1315;1315
12429117;316;g_000;1;1;36;line_consecutive;0.5;1316;8;28;9-27;9;6312860.0;6312860.0;6312860.0;6312860.0;0.0;0.0;0.0;eev,integrated,separated,ws;lintim;Mumford0;Mumford0;True;False;1e-05;6000;1;2;20;50;200;-5;100;1.0;5;50;250;30;20;16;1316;1316
12429117;317;g_000;1;1;36;line_consecutive;0.5;1317;8;29;2-15;10;5269600.0;5272570.0;5272570.0;7486315.0;2970.0;0.0;2213745.0;eev,integrated,separated,ws;lintim;Mumford0;Mumford0;True;False;1e-05;6000;1;2;20;50;200;-5;100;1.0;5;50;250;30;20;16;1317;1317
12429117;318;g_000;1;1;36;line_consecutive;0.5;1318;8;30;8-15;10;5274235.0;5277205.0;5277205.0;7490490.0;2970.0;0.0;2213285.0;eev,integrated,separated,ws;lintim;Mumford0;Mumford0;True;False;1e-05;6000;1;2;20;50;200;-5;100;1.0;5;50;250;30;20;16;1318;1318
12429117;319;g_000;1;1;36;line_consecutive;0.5;1319;8;31;8-17;10;5280100.0;5283070.0;5283070.0;7496372.5;2970.0;0.0;2213302.5;eev,integrated,separated,ws;lintim;Mumford0;Mumford0;True;False;1e-05;6000;1;2;20;50;200;-5;100;1.0;5;50;250;30;20;16;1319;1319
12429117;320;g_000;1;1;36;line_consecutive;0.5;1320;8;32;7-17;10;5263965.0;5268375.0;5268375.0;7481825.0;4410.0;0.0;2213450.0;eev,integrated,separated,ws;lintim;Mumford0;Mumford0;True;False;1e-05;6000;1;2;20;50;200;-5;100;1.0;5;50;250;30;20;16;1320;1320
12429117;321;g_000;1;1;36;line_consecutive;0.5;1321;8;33;19-23;11;5268205.0;5270775.0;5270880.0;5270880.0;2570.0;105.0;105.0;eev,integrated,separated,ws;lintim;Mumford0;Mumford0;True;False;1e-05;6000;1;2;20;50;200;-5;100;1.0;5;50;250;30;20;16;1321;1321
12429117;322;g_000;1;1;36;line_consecutive;0.5;1322;8;34;8-21;12;5243265.0;5247675.0;5247675.0;5247675.0;4410.0;0.0;0.0;eev,integrated,separated,ws;lintim;Mumford0;Mumford0;True;False;1e-05;6000;1;2;20;50;200;-5;100;1.0;5;50;250;30;20;16;1322;1322
12429117;323;g_000;1;1;36;line_consecutive;0.5;1323;8;35;21-24;12;5240325.0;5244735.0;5244735.0;5244735.0;4410.0;0.0;0.0;eev,integrated,separated,ws;lintim;Mumford0;Mumford0;True;False;1e-05;6000;1;2;20;50;200;-5;100;1.0;5;50;250;30;20;16;1323;1323
