array_job_id;task_id;run_group_id;case_k;case_per_run;case_variants;case_selection;case_p_fail;case_id;case_sweep_row;case_variant_idx;case_edges;case_lines;WS;RP;EEV_nom;EEV_mean;EVPI;VSS_nom;VSS_mean;procedures_present;source;network;scenario_line_data;routing_agg;waiting_time_frequency;gap;time_limit;travel_time_cost_mult;waiting_time_cost_mult;line_operation_cost_mult;cost_repl_freq;cost_repl_line;repl_budget;bypass_multiplier;overdemand_threshold;overdemand_multiplier;num_od;train_capacity;infrastructure_capacity;max_frequency;threads;demand_scale;scenario_infra_id;scenario_prob_id
13939019;0;g_000;1;1;80;line_consecutive;0.5;1000;0;0;2-25;1;56580.624;56580.6239999965;56580.624;56580.624;-3.5070115700364113e-09;3.5070115700364113e-09;3.5070115700364113e-09;eev,integrated,separated,ws;lintim;Mumford0;Mumford0;True;False;1e-05;12000;1;2;20;50;200;-5;50;0.75;2;50;50;10;10;16;0.0184;1000;1000
13939019;1;g_000;1;1;80;line_consecutive;0.5;1001;0;1;8-25;1;56627.53600001389;56627.53599999999;56627.536;56627.536;-1.3897079043090343e-08;7.275957614183426e-12;7.275957614183426e-12;eev,integrated,separated,ws;lintim;Mumford0;Mumford0;True;False;1e-05;12000;1;2;20;50;200;-5;50;0.75;2;50;50;10;10;16;0.0184;1001;1001
13939019;2;g_000;1;1;80;line_consecutive;0.5;1002;0;2;8-11;1;57366.61200000001;57366.61199999989;57366.612;57366.612;-1.1641532182693479e-10;1.0913936421275139e-10;1.0913936421275139e-10;eev,integrated,separated,ws;lintim;Mumford0;Mumford0;True;False;1e-05;12000;1;2;20;50;200;-5;50;0.75;2;50;50;10;10;16;0.0184;1002;1002
13939019;3;g_000;1;1;80;line_consecutive;0.5;1003;0;3;11-22;1;56931.36;56931.35999999999;56931.36;56931.36;-7.275957614183426e-12;7.275957614183426e-12;7.275957614183426e-12;eev,integrated,separated,ws;lintim;Mumford0;Mumford0;True;False;1e-05;12000;1;2;20;50;200;-5;50;0.75;2;50;50;10;10;16;0.0184;1003;1003
13939019;4;g_000;1;1;80;line_consecutive;0.5;1004;0;4;2-4;2;55745.864;55885.08000000341;56642.116;56642.116;139.2160000034055;757.0359999965949;757.0359999965949;eev,integrated,separated,ws;lintim;Mumford0;Mumford0;True;False;1e-05;12000;1;2;20;50;200;-5;50;0.75;2;50;50;10;10;16;0.0184;1004;1004
13939019;5;g_000;1;1;80;line_consecutive;0.5;1005;0;5;4-12;2;58065.196;58204.412;59845.588;59845.588;139.21599999999307;1641.1760000000068;1641.1760000000068;eev,integrated,separated,ws;lintim;Mumford0;Mumford0;True;False;1e-05;12000;1;2;20;50;200;-5;50;0.75;2;50;50;10;10;16;0.0184;1005;1005
13939019;6;g_000;1;1;80;line_consecutive;0.5;1006;0;6;12-18;2,11;81599.776;83225.336;85136.99600000001;85136.99600000001;1625.5599999999977;1911.660000000018;1911.660000000018;eev,integrated,separated,ws;lintim;Mumford0;Mumford0;True;False;1e-05;12000;1;2;20;50;200;-5;50;0.75;2;50;50;10;10;16;0.0184;1006;1006
13939019;7;g_000;1;1;80;line_consecutive;0.5;1007;0;7;18-23;2,11;60177.244000000006;61413.05600000527;62514.632;62514.632;1235.812000005266;1101.575999994726;1101.575999994726;eev,integrated,separated,ws;lintim;Mumford0;Mumford0;True;False;1e-05;12000;1;2;20;50;200;-5;50;0.75;2;50;50;10;10;16;0.0184;1007;1007
13939019;8;g_000;1;1;80;line_consecutive;0.5;1008;0;8;1-23;2;55631.77200000001;55770.98766613784;56525.34;56525.34;139.21566613782488;754.3523338621599;754.3523338621599;eev,integrated,separated,ws;lintim;Mumford0;Mumford0;True;False;1e-05;12000;1;2;20;50;200;-5;50;0.75;2;50;50;10;10;16;0.0184;1008;1008
13939019;9;g_000;1;1;80;line_consecutive;0.5;1009;0;9;1-14;2;57085.89200000001;57225.10799999999;58866.284;58866.284;139.2159999999858;1641.1760000000068;1641.1760000000068;eev,integrated,separated,ws;lintim;Mumford0;Mumford0;True;False;1e-05;12000;1;2;20;50;200;-5;50;0.75;2;50;50;10;10;16;0.0184;1009;1009
13939019;10;g_000;1;1;80;line_consecutive;0.5;1010;0;10;9-13;3;57681.68000000001;57695.46799999999;57695.468;57695.468;13.787999999985914;7.275957614183426e-12;7.275957614183426e-12;eev,integrated,separated,ws;lintim;Mumford0;Mumford0;True;False;1e-05;12000;1;2;20;50;200;-5;50;0.75;2;50;50;10;10;16;0.0184;1010;1010
13939019;11;g_000;1;1;80;line_consecutive;0.5;1011;0;11;1-13;3;58046.72;58113.86;58113.86;58113.86;67.13999999999942;0.0;0.0;eev,integrated,separated,ws;lintim;Mumford0;Mumford0;True;False;1e-05;12000;1;2;20;50;200;-5;50;0.75;2;50;50;10;10;16;0.0184;1011;1011
13939019;12;g_000;1;1;80;line_consecutive;0.5;1012;0;12;1-29;3;58956.156;58956.155605;58956.156;58956.156;-0.0003950000027543;0.0003950000027543;0.0003950000027543;eev,integrated,separated,ws;lintim;Mumford0;Mumford0;True;False;1e-05;12000;1;2;20;50;200;-5;50;0.75;2;50;50;10;10;16;0.0184;1012;1012
13939019;13;g_000;1;1;80;line_consecutive;0.5;1013;0;13;17-29;3;59316.846000000005;59333.554;59333.554;59333.554;16.707999999991443;0.0;0.0;eev,integrated,separated,ws;lintim;Mumford0;Mumford0;True;False;1e-05;12000;1;2;20;50;200;-5;50;0.75;2;50;50;10;10;16;0.0184;1013;1013
13939019;14;g_000;1;1;80;line_consecutive;0.5;1014;0;14;17-28;3;58645.474;58654.96599999999;58654.966;58654.966;9.491999999991094;7.275957614183426e-12;7.275957614183426e-12;eev,integrated,separated,ws;lintim;Mumford0;Mumford0;True;False;1e-05;12000;1;2;20;50;200;-5;50;0.75;2;50;50;10;10;16;0.0184;1014;1014
13939019;15;g_000;1;1;80;line_consecutive;0.5;1015;0;15;28-30;3;58894.55;58904.042;58904.042;58904.042;9.49199999999837;0.0;0.0;eev,integrated,separated,ws;lintim;Mumford0;Mumford0;True;False;1e-05;12000;1;2;20;50;200;-5;50;0.75;2;50;50;10;10;16;0.0184;1015;1015
13939019;16;g_000;1;1;80;line_consecutive;0.5;1016;0;16;6-7;4,10;59284.10200000001;60442.54000000001;60442.54;60442.54000000001;1158.4379999999946;-7.275957614183426e-12;0.0;eev,integrated,separated,ws;lintim;Mumford0;Mumford0;True;False;1e-05;12000;1;2;20;50;200;-5;50;0.75;2;50;50;10;10;16;0.0184;1016;1016
13939019;17;g_000;1;1;80;line_consecutive;0.5;1017;0;17;7-14;4;60219.596000000005;60219.596;60219.596;60219.596000000005;-7.275957614183426e-12;0.0;7.275957614183426e-12;eev,integrated,separated,ws;lintim;Mumford0;Mumford0;True;False;1e-05;12000;1;2;20;50;200;-5;50;0.75;2;50;50;10;10;16;0.0184;1017;1017
13939019;18;g_000;1;1;80;line_consecutive;0.5;1018;0;18;14-19;4;57065.804;57065.804;57065.804;57065.804;0.0;0.0;0.0;eev,integrated,separated,ws;lintim;Mumford0;Mumford0;True;False;1e-05;12000;1;2;20;50;200;-5;50;0.75;2;50;50;10;10;16;0.0184;1018;1018
13939019;19;g_000;1;1;80;line_consecutive;0.5;1019;0;19;19-20;4;56163.93600000001;56163.936;56163.936;56163.936;-7.275957614183426e-12;0.0;0.0;eev,integrated,separated,ws;lintim;Mumford0;Mumford0;True;False;1e-05;12000;1;2;20;50;200;-5;50;0.75;2;50;50;10;10;16;0.0184;1019;1019
13939019;20;g_000;1;1;80;line_consecutive;0.5;1020;0;20;15-24;5;59134.64600000001;59134.64599999999;59134.645999974;59134.645999974;-1.4551915228366852e-11;-2.599699655547738e-08;-2.599699655547738e-08;eev,integrated,separated,ws;lintim;Mumford0;Mumford0;True;False;1e-05;12000;1;2;20;50;200;-5;50;0.75;2;50;50;10;10;16;0.0184;1020;1020
13939019;21;g_000;1;1;80;line_consecutive;0.5;1021;0;21;12-15;5,11;61946.06;62803.5;64087.34;64087.34;857.4400000000023;1283.8399999999965;1283.8399999999965;eev,integrated,separated,ws;lintim;Mumford0;Mumford0;True;False;1e-05;12000;1;2;20;50;200;-5;50;0.75;2;50;50;10;10;16;0.0184;1021;1021
13939019;22;g_000;1;1;80;line_consecutive;0.5;1022;0;22;12-26;5;60979.29599999999;60979.29599999993;60979.29599999997;60979.29599999997;-5.820766091346741e-11;4.365574568510056e-11;4.365574568510056e-11;eev,integrated,separated,ws;lintim;Mumford0;Mumford0;True;False;1e-05;12000;1;2;20;50;200;-5;50;0.75;2;50;50;10;10;16;0.0184;1022;1022
13939019;23;g_000;1;1;80;line_consecutive;0.5;1023;0;23;3-8;6,12;57731.688;57731.688;57731.688;57731.688;0.0;0.0;0.0;eev,integrated,separated,ws;lintim;Mumford0;Mumford0;True;False;1e-05;12000;1;2;20;50;200;-5;50;0.75;2;50;50;10;10;16;0.0184;1023;1023
13939019;24;g_000;1;1;80;line_consecutive;0.5;1024;0;24;5-8;6;56621.32000000001;56621.31999999999;56621.319999997366;56621.319999997366;-1.4551915228366852e-11;-2.6266206987202168e-09;-2.6266206987202168e-09;eev,integrated,separated,ws;lintim;Mumford0;Mumford0;True;False;1e-05;12000;1;2;20;50;200;-5;50;0.75;2;50;50;10;10;16;0.0184;1024;1024
13939019;25;g_000;1;1;80;line_consecutive;0.5;1025;0;25;10-15;7;58932.83200000001;58932.83199999998;58932.832;58932.832;-2.9103830456733704e-11;2.182787284255028e-11;2.182787284255028e-11;eev,integrated,separated,ws;lintim;Mumford0;Mumford0;True;False;1e-05;12000;1;2;20;50;200;-5;50;0.75;2;50;50;10;10;16;0.0184;1025;1025
13939019;26;g_000;1;1;80;line_consecutive;0.5;1026;0;26;15-21;7;58198.94;58198.93999999999;58198.94;58198.94;-1.4551915228366852e-11;1.4551915228366852e-11;1.4551915228366852e-11;eev,integrated,separated,ws;lintim;Mumford0;Mumford0;True;False;1e-05;12000;1;2;20;50;200;-5;50;0.75;2;50;50;10;10;16;0.0184;1026;1026
13939019;27;g_000;1;1;80;line_consecutive;0.5;1027;0;27;6-16;8;54435.056;54435.05599999999;54435.056;54435.056;-7.275957614183426e-12;7.275957614183426e-12;7.275957614183426e-12;eev,integrated,separated,ws;lintim;Mumford0;Mumford0;True;False;1e-05;12000;1;2;20;50;200;-5;50;0.75;2;50;50;10;10;16;0.0184;1027;1027
13939019;28;g_000;1;1;80;line_consecutive;0.5;1028;0;28;9-27;9;54435.056;54435.056;54435.056;54435.056;0.0;0.0;0.0;eev,integrated,separated,ws;lintim;Mumford0;Mumford0;True;False;1e-05;12000;1;2;20;50;200;-5;50;0.75;2;50;50;10;10;16;0.0184;1028;1028
13939019;29;g_000;1;1;80;line_consecutive;0.5;1029;0;29;2-15;10;57317.891999999934;58010.512;58856.122;58856.122;692.6200000000681;845.6100000000006;845.6100000000006;eev,integrated,separated,ws;lintim;Mumford0;Mumford0;True;False;1e-05;12000;1;2;20;50;200;-5;50;0.75;2;50;50;10;10;16;0.0184;1029;1029
13939019;30;g_000;1;1;80;line_consecutive;0.5;1030;0;30;8-15;10;57385.17600000001;58077.79599999999;58907.738;58907.738;692.6199999999808;829.94200000001;829.94200000001;eev,integrated,separated,ws;lintim;Mumford0;Mumford0;True;False;1e-05;12000;1;2;20;50;200;-5;50;0.75;2;50;50;10;10;16;0.0184;1030;1030
13939019;31;g_000;1;1;80;line_consecutive;0.5;1031;0;31;8-17;10;57437.12800002186;58129.748;59027.128;59027.128;692.6199999781384;897.3799999999974;897.3799999999974;eev,integrated,separated,ws;lintim;Mumford0;Mumford0;True;False;1e-05;12000;1;2;20;50;200;-5;50;0.75;2;50;50;10;10;16;0.0184;1031;1031
13939019;32;g_000;1;1;80;line_consecutive;0.5;1032;0;32;7-17;10;58056.666;58734.31599999999;58734.316;58734.316;677.6499999999942;7.275957614183426e-12;7.275957614183426e-12;eev,integrated,separated,ws;lintim;Mumford0;Mumford0;True;False;1e-05;12000;1;2;20;50;200;-5;50;0.75;2;50;50;10;10;16;0.0184;1032;1032
13939019;33;g_000;1;1;80;line_consecutive;0.5;1033;0;33;19-23;11;55869.996;56247.436;56516.916;56516.916;377.4400000000023;269.4799999999959;269.4799999999959;eev,integrated,separated,ws;lintim;Mumford0;Mumford0;True;False;1e-05;12000;1;2;20;50;200;-5;50;0.75;2;50;50;10;10;16;0.0184;1033;1033
13939019;34;g_000;1;1;80;line_consecutive;0.5;1034;0;34;8-21;12;54435.056;54435.056;54435.056;54435.056;0.0;0.0;0.0;eev,integrated,separated,ws;lintim;Mumford0;Mumford0;True;False;1e-05;12000;1;2;20;50;200;-5;50;0.75;2;50;50;10;10;16;0.0184;1034;1034
13939019;35;g_000;1;1;80;line_consecutive;0.5;1035;0;35;21-24;12;54435.056;54435.056;54435.056;54435.056;0.0;0.0;0.0;eev,integrated,separated,ws;lintim;Mumford0;Mumford0;True;False;1e-05;12000;1;2;20;50;200;-5;50;0.75;2;50;50;10;10;16;0.0184;1035;1035
13939019;36;g_000;2;1;80;line_consecutive;0.5;1036;1;0;2-25,8-25;1;73718.724;73718.724;73718.724;73718.724;0.0;0.0;0.0;eev,integrated,separated,ws;lintim;Mumford0;Mumford0;True;False;1e-05;12000;1;2;20;50;200;-5;50;0.75;2;50;50;10;10;16;0.0184;1036;1036
13939019;37;g_000;2;1;80;line_consecutive;0.5;1037;1;1;8-11,8-25;1;59559.092;59559.09199999999;59559.092;59559.092;-7.275957614183426e-12;7.275957614183426e-12;7.275957614183426e-12;eev,integrated,separated,ws;lintim;Mumford0;Mumford0;True;False;1e-05;12000;1;2;20;50;200;-5;50;0.75;2;50;50;10;10;16;0.0184;1037;1037
13939019;38;g_000;2;1;80;line_consecutive;0.5;1038;1;2;8-11,11-22;1;71381.902;71381.902;71381.902;71381.902;0.0;0.0;0.0;eev,integrated,separated,ws;lintim;Mumford0;Mumford0;True;False;1e-05;12000;1;2;20;50;200;-5;50;0.75;2;50;50;10;10;16;0.0184;1038;1038
13939019;39;g_000;2;1;80;line_consecutive;0.5;1039;1;3;2-4,4-12;2;64214.53600000001;64960.712;66941.448;66941.448;746.1759999999922;1980.7360000000044;1980.7360000000044;eev,integrated,separated,ws;lintim;Mumford0;Mumford0;True;False;1e-05;12000;1;2;20;50;200;-5;50;0.75;2;50;50;10;10;16;0.0184;1039;1039
13939019;40;g_000;2;1;80;line_consecutive;0.5;1040;1;4;4-12,12-18;2;88944.78000000001;90570.34;92482.0;92482.0;1625.5599999999831;1911.6600000000035;1911.6600000000035;eev,integrated,separated,ws;lintim;Mumford0;Mumford0;True;False;1e-05;12000;1;2;20;50;200;-5;50;0.75;2;50;50;10;10;16;0.0184;1040;1040
13939019;41;g_000;2;1;80;line_consecutive;0.5;1041;1;5;12-18,18-23;2,11;81599.776;83225.336;85136.99600000001;85136.99600000001;1625.5599999999977;1911.660000000018;1911.660000000018;eev,integrated,separated,ws;lintim;Mumford0;Mumford0;True;False;1e-05;12000;1;2;20;50;200;-5;50;0.75;2;50;50;10;10;16;0.0184;1041;1041
13939019;42;g_000;2;1;80;line_consecutive;0.5;1042;1;6;1-23,18-23;2;60177.244000000006;61413.05600000527;62514.632;62514.632;1235.812000005266;1101.575999994726;1101.575999994726;eev,integrated,separated,ws;lintim;Mumford0;Mumford0;True;False;1e-05;12000;1;2;20;50;200;-5;50;0.75;2;50;50;10;10;16;0.0184;1042;1042
13939019;43;g_000;2;1;80;line_consecutive;0.5;1043;1;7;1-14,1-23;2;59109.34000000001;59588.084;61261.722;61261.722;478.7439999999915;1673.637999999999;1673.637999999999;eev,integrated,separated,ws;lintim;Mumford0;Mumford0;True;False;1e-05;12000;1;2;20;50;200;-5;50;0.75;2;50;50;10;10;16;0.0184;1043;1043
13939019;44;g_000;2;1;80;line_consecutive;0.5;1044;1;8;1-13,9-13;3;82601.22;82625.67199999999;82625.67199999999;82625.67199999999;24.45199999999022;0.0;0.0;eev,integrated,separated,ws;lintim;Mumford0;Mumford0;True;False;1e-05;12000;1;2;20;50;200;-5;50;0.75;2;50;50;10;10;16;0.0184;1044;1044
13939019;45;g_000;2;1;80;line_consecutive;0.5;1045;1;9;1-13,1-29;3;61375.528000000006;61413.87200000041;61413.872;61413.872;38.344000000404776;-4.074536263942719e-10;-4.074536263942719e-10;eev,integrated,separated,ws;lintim;Mumford0;Mumford0;True;False;1e-05;12000;1;2;20;50;200;-5;50;0.75;2;50;50;10;10;16;0.0184;1045;1045
13939019;46;g_000;2;1;80;line_consecutive;0.5;1046;1;10;1-29,17-29;3;61621.22200000001;61666.556;61666.556;61666.556;45.33399999998801;0.0;0.0;eev,integrated,separated,ws;lintim;Mumford0;Mumford0;True;False;1e-05;12000;1;2;20;50;200;-5;50;0.75;2;50;50;10;10;16;0.0184;1046;1046
13939019;47;g_000;2;1;80;line_consecutive;0.5;1047;1;11;17-28,17-29;3;59600.738000000005;59617.446;59617.446;59617.446;16.70799999999872;0.0;0.0;eev,integrated,separated,ws;lintim;Mumford0;Mumford0;True;False;1e-05;12000;1;2;20;50;200;-5;50;0.75;2;50;50;10;10;16;0.0184;1047;1047
13939019;48;g_000;2;1;80;line_consecutive;0.5;1048;1;12;17-28,28-30;3;67806.49;67806.49;67806.48999999999;67806.48999999999;0.0;-1.4551915228366852e-11;-1.4551915228366852e-11;eev,integrated,separated,ws;lintim;Mumford0;Mumford0;True;False;1e-05;12000;1;2;20;50;200;-5;50;0.75;2;50;50;10;10;16;0.0184;1048;1048
13939019;49;g_000;2;1;80;line_consecutive;0.5;1049;1;13;6-7,7-14;4;64677.69800000002;65370.31799999999;65391.01000000001;65391.01000000001;692.6199999999735;20.692000000017288;20.692000000017288;eev,integrated,separated,ws;lintim;Mumford0;Mumford0;True;False;1e-05;12000;1;2;20;50;200;-5;50;0.75;2;50;50;10;10;16;0.0184;1049;1049
13939019;50;g_000;2;1;80;line_consecutive;0.5;1050;1;14;7-14,14-19;4;60219.596000000005;60219.596;60219.596;60219.596000000005;-7.275957614183426e-12;0.0;7.275957614183426e-12;eev,integrated,separated,ws;lintim;Mumford0;Mumford0;True;False;1e-05;12000;1;2;20;50;200;-5;50;0.75;2;50;50;10;10;16;0.0184;1050;1050
13939019;51;g_000;2;1;80;line_consecutive;0.5;1051;1;15;14-19,19-20;4;58521.744000000006;58521.744000000006;58521.744;58521.744000000006;0.0;-7.275957614183426e-12;0.0;eev,integrated,separated,ws;lintim;Mumford0;Mumford0;True;False;1e-05;12000;1;2;20;50;200;-5;50;0.75;2;50;50;10;10;16;0.0184;1051;1051
13939019;52;g_000;2;1;80;line_consecutive;0.5;1052;1;16;12-15,15-24;5;61946.06000000001;62803.5;64087.34;64087.34;857.4399999999878;1283.8399999999965;1283.8399999999965;eev,integrated,separated,ws;lintim;Mumford0;Mumford0;True;False;1e-05;12000;1;2;20;50;200;-5;50;0.75;2;50;50;10;10;16;0.0184;1052;1052
13939019;53;g_000;2;1;80;line_consecutive;0.5;1053;1;17;12-15,12-26;5;61946.06;62803.5;63439.38999999998;63439.38999999998;857.4400000000023;635.8899999999776;635.8899999999776;eev,integrated,separated,ws;lintim;Mumford0;Mumford0;True;False;1e-05;12000;1;2;20;50;200;-5;50;0.75;2;50;50;10;10;16;0.0184;1053;1053
13939019;54;g_000;2;1;80;line_consecutive;0.5;1054;1;18;3-8,5-8;6;58593.652;58593.652;58593.652;58593.652;0.0;0.0;0.0;eev,integrated,separated,ws;lintim;Mumford0;Mumford0;True;False;1e-05;12000;1;2;20;50;200;-5;50;0.75;2;50;50;10;10;16;0.0184;1054;1054
13939019;55;g_000;2;1;80;line_consecutive;0.5;1055;1;19;10-15,15-21;7;60238.83199999998;60238.83199999998;60238.832;60238.832;0.0;2.182787284255028e-11;2.182787284255028e-11;eev,integrated,separated,ws;lintim;Mumford0;Mumford0;True;False;1e-05;12000;1;2;20;50;200;-5;50;0.75;2;50;50;10;10;16;0.0184;1055;1055
13939019;56;g_000;2;1;80;line_consecutive;0.5;1056;1;20;2-15,8-15;10;58189.096000000005;60183.11200000001;60912.65;60912.65;1994.0160000000035;729.5379999999932;729.5379999999932;eev,integrated,separated,ws;lintim;Mumford0;Mumford0;True;False;1e-05;12000;1;2;20;50;200;-5;50;0.75;2;50;50;10;10;16;0.0184;1056;1056
13939019;57;g_000;2;1;80;line_consecutive;0.5;1057;1;21;8-15,8-17;10;58189.096000000005;60183.11200001133;61272.15400000006;61272.15400000006;1994.0160000113249;1089.0419999887308;1089.0419999887308;eev,integrated,separated,ws;lintim;Mumford0;Mumford0;True;False;1e-05;12000;1;2;20;50;200;-5;50;0.75;2;50;50;10;10;16;0.0184;1057;1057
13939019;58;g_000;2;1;80;line_consecutive;0.5;1058;1;22;7-17,8-17;10;58189.096000000005;60110.80399999998;60169.7;60169.7;1921.707999999977;58.89600000001519;58.89600000001519;eev,integrated,separated,ws;lintim;Mumford0;Mumford0;True;False;1e-05;12000;1;2;20;50;200;-5;50;0.75;2;50;50;10;10;16;0.0184;1058;1058
13939019;59;g_000;2;1;80;line_consecutive;0.5;1059;1;23;6-7,7-17;10;59284.102000000006;60492.01599999999;60615.128;60615.128;1207.9139999999825;123.11200000000828;123.11200000000828;eev,integrated,separated,ws;lintim;Mumford0;Mumford0;True;False;1e-05;12000;1;2;20;50;200;-5;50;0.75;2;50;50;10;10;16;0.0184;1059;1059
13939019;60;g_000;2;1;80;line_consecutive;0.5;1060;1;24;12-15,12-18;11;66503.69600000001;68609.25600000267;70520.916;70520.916;2105.5600000026607;1911.659999997326;1911.659999997326;eev,integrated,separated,ws;lintim;Mumford0;Mumford0;True;False;1e-05;12000;1;2;20;50;200;-5;50;0.75;2;50;50;10;10;16;0.0184;1060;1060
13939019;61;g_000;2;1;80;line_consecutive;0.5;1061;1;25;18-23,19-23;11;67056.61200000001;67535.356;68087.308;68087.308;478.7439999999915;551.9520000000048;551.9520000000048;eev,integrated,separated,ws;lintim;Mumford0;Mumford0;True;False;1e-05;12000;1;2;20;50;200;-5;50;0.75;2;50;50;10;10;16;0.0184;1061;1061
13939019;62;g_000;2;1;80;line_consecutive;0.5;1062;1;26;3-8,8-21;12;57731.68800000001;57731.688;57731.688;57731.688;-7.275957614183426e-12;0.0;0.0;eev,integrated,separated,ws;lintim;Mumford0;Mumford0;True;False;1e-05;12000;1;2;20;50;200;-5;50;0.75;2;50;50;10;10;16;0.0184;1062;1062
13939019;63;g_000;2;1;80;line_consecutive;0.5;1063;1;27;8-21,21-24;12;54435.05600000001;54435.05600000511;54435.056;54435.056;5.100446287542581e-09;-5.114998202770948e-09;-5.114998202770948e-09;eev,integrated,separated,ws;lintim;Mumford0;Mumford0;True;False;1e-05;12000;1;2;20;50;200;-5;50;0.75;2;50;50;10;10;16;0.0184;1063;1063
13939019;64;g_000;3;1;60;line_consecutive;0.5;1064;2;0;2-25,8-11,8-25;1;76712.43600000002;76712.43599999999;76712.436;76712.436;-2.9103830456733704e-11;1.4551915228366852e-11;1.4551915228366852e-11;eev,integrated,separated,ws;lintim;Mumford0;Mumford0;True;False;1e-05;12000;1;2;20;50;200;-5;50;0.75;2;50;50;10;10;16;0.0184;1064;1064
13939019;65;g_000;3;1;60;line_consecutive;0.5;1065;2;1;8-11,8-25,11-22;1;73573.81;73573.80999999998;73573.81;73573.81;-1.4551915228366852e-11;1.4551915228366852e-11;1.4551915228366852e-11;eev,integrated,separated,ws;lintim;Mumford0;Mumford0;True;False;1e-05;12000;1;2;20;50;200;-5;50;0.75;2;50;50;10;10;16;0.0184;1065;1065
13939019;66;g_000;3;1;60;line_consecutive;0.5;1066;2;2;2-4,4-12,12-18;2;88944.78000000001;90570.34;92482.0;92482.0;1625.5599999999831;1911.6600000000035;1911.6600000000035;eev,integrated,separated,ws;lintim;Mumford0;Mumford0;True;False;1e-05;12000;1;2;20;50;200;-5;50;0.75;2;50;50;10;10;16;0.0184;1066;1066
13939019;67;g_000;3;1;60;line_consecutive;0.5;1067;2;3;4-12,12-18,18-23;2;88944.78000000001;90570.34;92482.0;92482.0;1625.5599999999831;1911.6600000000035;1911.6600000000035;eev,integrated,separated,ws;lintim;Mumford0;Mumford0;True;False;1e-05;12000;1;2;20;50;200;-5;50;0.75;2;50;50;10;10;16;0.0184;1067;1067
13939019;68;g_000;3;1;60;line_consecutive;0.5;1068;2;4;1-23,12-18,18-23;2;83669.6720000021;84148.416;85830.3;85830.3;478.743999997896;1681.8840000000057;1681.8840000000057;eev,integrated,separated,ws;lintim;Mumford0;Mumford0;True;False;1e-05;12000;1;2;20;50;200;-5;50;0.75;2;50;50;10;10;16;0.0184;1068;1068
13939019;69;g_000;3;1;60;line_consecutive;0.5;1069;2;5;1-14,1-23,18-23;2;62619.08600000001;64244.64600000001;66156.30600000001;66156.30600000001;1625.5599999999977;1911.6600000000035;1911.6600000000035;eev,integrated,separated,ws;lintim;Mumford0;Mumford0;True;False;1e-05;12000;1;2;20;50;200;-5;50;0.75;2;50;50;10;10;16;0.0184;1069;1069
13939019;70;g_000;3;1;60;line_consecutive;0.5;1070;2;6;1-13,1-29,9-13;3;84161.512;84168.184;84168.184;84168.184;6.671999999991385;0.0;0.0;eev,integrated,separated,ws;lintim;Mumford0;Mumford0;True;False;1e-05;12000;1;2;20;50;200;-5;50;0.75;2;50;50;10;10;16;0.0184;1070;1070
13939019;71;g_000;3;1;60;line_consecutive;0.5;1071;2;7;1-13,1-29,17-29;3;66678.43800000001;66735.386;66735.386;66735.386;56.947999999989406;0.0;0.0;eev,integrated,separated,ws;lintim;Mumford0;Mumford0;True;False;1e-05;12000;1;2;20;50;200;-5;50;0.75;2;50;50;10;10;16;0.0184;1071;1071
13939019;72;g_000;3;1;60;line_consecutive;0.5;1072;2;8;1-29,17-28,17-29;3;61621.22200000001;61666.556;61666.556;61666.556;45.33399999998801;0.0;0.0;eev,integrated,separated,ws;lintim;Mumford0;Mumford0;True;False;1e-05;12000;1;2;20;50;200;-5;50;0.75;2;50;50;10;10;16;0.0184;1072;1072
13939019;73;g_000;3;1;60;line_consecutive;0.5;1073;2;9;17-28,17-29,28-30;3;62030.18999999993;62046.898;62046.898;62046.898;16.70800000007148;0.0;0.0;eev,integrated,separated,ws;lintim;Mumford0;Mumford0;True;False;1e-05;12000;1;2;20;50;200;-5;50;0.75;2;50;50;10;10;16;0.0184;1073;1073
13939019;74;g_000;3;1;60;line_consecutive;0.5;1074;2;10;6-7,7-14,14-19;4;64677.69800000002;65370.31799999999;65391.01000000001;65391.01000000001;692.6199999999735;20.692000000017288;20.692000000017288;eev,integrated,separated,ws;lintim;Mumford0;Mumford0;True;False;1e-05;12000;1;2;20;50;200;-5;50;0.75;2;50;50;10;10;16;0.0184;1074;1074
13939019;75;g_000;3;1;60;line_consecutive;0.5;1075;2;11;7-14,14-19,19-20;4;61211.244000000006;61211.24399999999;61211.244;61211.244000000006;-1.4551915228366852e-11;7.275957614183426e-12;1.4551915228366852e-11;eev,integrated,separated,ws;lintim;Mumford0;Mumford0;True;False;1e-05;12000;1;2;20;50;200;-5;50;0.75;2;50;50;10;10;16;0.0184;1075;1075
13939019;76;g_000;3;1;60;line_consecutive;0.5;1076;2;12;12-15,12-26,15-24;5;61946.059999998426;62803.5;64087.34;64087.34;857.4400000015739;1283.8399999999965;1283.8399999999965;eev,integrated,separated,ws;lintim;Mumford0;Mumford0;True;False;1e-05;12000;1;2;20;50;200;-5;50;0.75;2;50;50;10;10;16;0.0184;1076;1076
13939019;77;g_000;3;1;60;line_consecutive;0.5;1077;2;13;2-15,8-15,8-17;10;58189.096000000005;60183.11200000001;61462.076;61462.076;1994.0160000000035;1278.963999999993;1278.963999999993;eev,integrated,separated,ws;lintim;Mumford0;Mumford0;True;False;1e-05;12000;1;2;20;50;200;-5;50;0.75;2;50;50;10;10;16;0.0184;1077;1077
13939019;78;g_000;3;1;60;line_consecutive;0.5;1078;2;14;7-17,8-15,8-17;10;58189.096000000005;60183.11200000001;61462.076;61462.076;1994.0160000000035;1278.963999999993;1278.963999999993;eev,integrated,separated,ws;lintim;Mumford0;Mumford0;True;False;1e-05;12000;1;2;20;50;200;-5;50;0.75;2;50;50;10;10;16;0.0184;1078;1078
13939019;79;g_000;3;1;60;line_consecutive;0.5;1079;2;15;6-7,7-17,8-17;10;59284.102000000006;60492.016;60615.128;60615.128;1207.913999999997;123.11199999999371;123.11199999999371;eev,integrated,separated,ws;lintim;Mumford0;Mumford0;True;False;1e-05;12000;1;2;20;50;200;-5;50;0.75;2;50;50;10;10;16;0.0184;1079;1079
13939019;80;g_000;3;1;60;line_consecutive;0.5;1080;2;16;12-15,12-18,18-23;11;85886.172;86931.78799999999;88033.364;88033.364;1045.61599999998;1101.5760000000157;1101.5760000000157;eev,integrated,separated,ws;lintim;Mumford0;Mumford0;True;False;1e-05;12000;1;2;20;50;200;-5;50;0.75;2;50;50;10;10;16;0.0184;1080;1080
13939019;81;g_000;3;1;60;line_consecutive;0.5;1081;2;17;12-18,18-23,19-23;11;64154.7;65780.26000000001;67691.92;67691.92;1625.5600000000122;1911.659999999989;1911.659999999989;eev,integrated,separated,ws;lintim;Mumford0;Mumford0;True;False;1e-05;12000;1;2;20;50;200;-5;50;0.75;2;50;50;10;10;16;0.0184;1081;1081
13939019;82;g_000;3;1;60;line_consecutive;0.5;1082;2;18;3-8,8-21,21-24;12;57731.688;57731.688;57731.688;57731.688;0.0;0.0;0.0;eev,integrated,separated,ws;lintim;Mumford0;Mumford0;True;False;1e-05;12000;1;2;20;50;200;-5;50;0.75;2;50;50;10;10;16;0.0184;1082;1082
13939019;83;g_000;4;1;40;line_consecutive;0.5;1083;3;0;2-25,8-11,8-25,11-22;1;90765.59;90765.58999999998;90765.59;90765.59;-1.4551915228366852e-11;1.4551915228366852e-11;1.4551915228366852e-11;eev,integrated,separated,ws;lintim;Mumford0;Mumford0;True;False;1e-05;12000;1;2;20;50;200;-5;50;0.75;2;50;50;10;10;16;0.0184;1083;1083
13939019;84;g_000;4;1;40;line_consecutive;0.5;1084;3;1;2-4,4-12,12-18,18-23;2;88944.78000000001;90570.34;92482.0;92482.0;1625.5599999999831;1911.6600000000035;1911.6600000000035;eev,integrated,separated,ws;lintim;Mumford0;Mumford0;True;False;1e-05;12000;1;2;20;50;200;-5;50;0.75;2;50;50;10;10;16;0.0184;1084;1084
13939019;85;g_000;4;1;40;line_consecutive;0.5;1085;3;2;1-23,4-12,12-18,18-23;2;88944.78000000001;90570.34;92482.0;92482.0;1625.5599999999831;1911.6600000000035;1911.6600000000035;eev,integrated,separated,ws;lintim;Mumford0;Mumford0;True;False;1e-05;12000;1;2;20;50;200;-5;50;0.75;2;50;50;10;10;16;0.0184;1085;1085
13939019;86;g_000;4;1;40;line_consecutive;0.5;1086;3;3;1-14,1-23,12-18,18-23;2;84515.026;86140.58600000001;88052.246;88052.246;1625.5600000000122;1911.659999999989;1911.659999999989;eev,integrated,separated,ws;lintim;Mumford0;Mumford0;True;False;1e-05;12000;1;2;20;50;200;-5;50;0.75;2;50;50;10;10;16;0.0184;1086;1086
13939019;87;g_000;4;1;40;line_consecutive;0.5;1087;3;4;1-13,1-29,9-13,17-29;3;86825.956;86870.75999999998;86870.76000000001;86870.76000000001;44.80399999997462;2.9103830456733704e-11;2.9103830456733704e-11;eev,integrated,separated,ws;lintim;Mumford0;Mumford0;True;False;1e-05;12000;1;2;20;50;200;-5;50;0.75;2;50;50;10;10;16;0.0184;1087;1087
13939019;88;g_000;4;1;40;line_consecutive;0.5;1088;3;5;1-13,1-29,17-28,17-29;3;67729.21200000001;67786.15999999999;67786.159999996;67786.159999996;56.94799999997485;-3.987224772572517e-09;-3.987224772572517e-09;eev,integrated,separated,ws;lintim;Mumford0;Mumford0;True;False;1e-05;12000;1;2;20;50;200;-5;50;0.75;2;50;50;10;10;16;0.0184;1088;1088
13939019;89;g_000;4;1;40;line_consecutive;0.5;1089;3;6;1-29,17-28,17-29,28-30;3;72540.462;72582.14;72582.14;72582.14;41.67799999999989;0.0;0.0;eev,integrated,separated,ws;lintim;Mumford0;Mumford0;True;False;1e-05;12000;1;2;20;50;200;-5;50;0.75;2;50;50;10;10;16;0.0184;1089;1089
13939019;90;g_000;4;1;40;line_consecutive;0.5;1090;3;7;6-7,7-14,14-19,19-20;4;65699.3;66694.95599999998;66694.95599999987;66694.95599999987;995.6559999999736;-1.0186340659856795e-10;-1.0186340659856795e-10;eev,integrated,separated,ws;lintim;Mumford0;Mumford0;True;False;1e-05;12000;1;2;20;50;200;-5;50;0.75;2;50;50;10;10;16;0.0184;1090;1090
13939019;91;g_000;4;1;40;line_consecutive;0.5;1091;3;8;2-15,7-17,8-15,8-17;10;58189.096000000005;60183.112;61462.076;61462.076;1994.015999999996;1278.964;1278.964;eev,integrated,separated,ws;lintim;Mumford0;Mumford0;True;False;1e-05;12000;1;2;20;50;200;-5;50;0.75;2;50;50;10;10;16;0.0184;1091;1091
13939019;92;g_000;4;1;40;line_consecutive;0.5;1092;3;9;6-7,7-17,8-15,8-17;10;59284.102;60492.016;60615.128;60615.128;1207.9140000000043;123.11199999999371;123.11199999999371;eev,integrated,separated,ws;lintim;Mumford0;Mumford0;True;False;1e-05;12000;1;2;20;50;200;-5;50;0.75;2;50;50;10;10;16;0.0184;1092;1092
13939019;93;g_000;4;1;40;line_consecutive;0.5;1093;3;10;12-15,12-18,18-23,19-23;11;67703.838;69809.39800000002;71721.05799999999;71721.05799999999;2105.560000000012;1911.6599999999744;1911.6599999999744;eev,integrated,separated,ws;lintim;Mumford0;Mumford0;True;False;1e-05;12000;1;2;20;50;200;-5;50;0.75;2;50;50;10;10;16;0.0184;1093;1093
13939019;94;g_000;1;1;80;line_consecutive;0.5;1094;4;0;2-25;1;162292.2479990978;162292.24799999996;162292.248;162292.24799999996;9.021605364978312e-07;2.9103830456733704e-11;0.0;eev,integrated,separated,ws;lintim;Mumford0;Mumford0;True;False;1e-05;12000;1;2;20;50;200;-5;50;0.75;2;50;50;10;10;16;0.0552;1094;1094
13939019;95;g_000;1;1;80;line_consecutive;0.5;1095;4;1;8-25;1;162458.53600000002;162458.53599999996;162458.53599999996;162458.53599999996;-5.820766091346741e-11;0.0;0.0;eev,integrated,separated,ws;lintim;Mumford0;Mumford0;True;False;1e-05;12000;1;2;20;50;200;-5;50;0.75;2;50;50;10;10;16;0.0552;1095;1095
13939019;96;g_000;1;1;80;line_consecutive;0.5;1096;4;2;8-11;1;164573.2;164573.20000000758;164573.19999999998;164573.19999999995;7.566995918750763e-09;-7.596099749207497e-09;-7.62520357966423e-09;eev,integrated,separated,ws;lintim;Mumford0;Mumford0;True;False;1e-05;12000;1;2;20;50;200;-5;50;0.75;2;50;50;10;10;16;0.0552;1096;1096
13939019;97;g_000;1;1;80;line_consecutive;0.5;1097;4;3;11-22;1;161602.13400000002;161602.134;161602.134;161602.13399999996;-2.9103830456733704e-11;0.0;-2.9103830456733704e-11;eev,integrated,separated,ws;lintim;Mumford0;Mumford0;True;False;1e-05;12000;1;2;20;50;200;-5;50;0.75;2;50;50;10;10;16;0.0552;1097;1097
13939019;98;g_000;1;1;80;line_consecutive;0.5;1098;4;4;2-4;2;159846.772;160401.77200000692;160404.272;160404.272;555.0000000069267;2.4999999930732884;2.4999999930732884;eev,integrated,separated,ws;lintim;Mumford0;Mumford0;True;False;1e-05;12000;1;2;20;50;200;-5;50;0.75;2;50;50;10;10;16;0.0552;1098;1098
13939019;99;g_000;1;1;80;line_consecutive;0.5;1099;4;5;4-12;2;169533.33;171469.41799999998;173365.286;173365.286;1936.0879999999888;1895.8680000000168;1895.8680000000168;eev,integrated,separated,ws;lintim;Mumford0;Mumford0;True;False;1e-05;12000;1;2;20;50;200;-5;50;0.75;2;50;50;10;10;16;0.0552;1099;1099
13939019;100;g_000;1;1;80;line_consecutive;0.5;1100;4;6;12-18;2,11;241737.784;242942.312;245310.392;303253.60399999993;1204.5279999999912;2368.079999999987;60311.29199999993;eev,integrated,separated,ws;lintim;Mumford0;Mumford0;True;False;1e-05;12000;1;2;20;50;200;-5;50;0.75;2;50;50;10;10;16;0.0552;1100;1100
13939019;101;g_000;1;1;80;line_consecutive;0.5;1101;4;7;18-23;2,11;173173.50800000003;174630.95599999995;176911.96399999998;238197.88799999995;1457.4479999999166;2281.0080000000307;63566.932;eev,integrated,separated,ws;lintim;Mumford0;Mumford0;True;False;1e-05;12000;1;2;20;50;200;-5;50;0.75;2;50;50;10;10;16;0.0552;1101;1101
13939019;102;g_000;1;1;80;line_consecutive;0.5;1102;4;8;1-23;2;159720.05200000005;160212.04;160212.03999999998;160212.03999999998;491.9879999999539;-2.9103830456733704e-11;-2.9103830456733704e-11;eev,integrated,separated,ws;lintim;Mumford0;Mumford0;True;False;1e-05;12000;1;2;20;50;200;-5;50;0.75;2;50;50;10;10;16;0.0552;1102;1102
13939019;103;g_000;1;1;80;line_consecutive;0.5;1103;4;9;1-14;2;162768.65600000002;164704.744;166397.55199999997;166397.55199999997;1936.0879999999888;1692.8079999999609;1692.8079999999609;eev,integrated,separated,ws;lintim;Mumford0;Mumford0;True;False;1e-05;12000;1;2;20;50;200;-5;50;0.75;2;50;50;10;10;16;0.0552;1103;1103
13939019;104;g_000;1;1;80;line_consecutive;0.5;1104;4;10;9-13;3;165188.22;166095.972;166095.97199999998;166095.97199999998;907.7520000000076;-2.9103830456733704e-11;-2.9103830456733704e-11;eev,integrated,separated,ws;lintim;Mumford0;Mumford0;True;False;1e-05;12000;1;2;20;50;200;-5;50;0.75;2;50;50;10;10;16;0.0552;1104;1104
13939019;105;g_000;1;1;80;line_consecutive;0.5;1105;4;11;1-13;3;165013.43600000002;165013.43600000048;165013.43599999064;165013.43599999064;4.656612873077393e-10;-9.837094694375992e-09;-9.837094694375992e-09;eev,integrated,separated,ws;lintim;Mumford0;Mumford0;True;False;1e-05;12000;1;2;20;50;200;-5;50;0.75;2;50;50;10;10;16;0.0552;1105;1105
13939019;106;g_000;1;1;80;line_consecutive;0.5;1106;4;12;1-29;3;166498.75200000004;166498.75199999995;166498.75199999998;166498.75199999998;-8.731149137020111e-11;2.9103830456733704e-11;2.9103830456733704e-11;eev,integrated,separated,ws;lintim;Mumford0;Mumford0;True;False;1e-05;12000;1;2;20;50;200;-5;50;0.75;2;50;50;10;10;16;0.0552;1106;1106
13939019;107;g_000;1;1;80;line_consecutive;0.5;1107;4;13;17-29;3;170169.96599995802;170805.582;170805.582;170805.582;635.6160000419768;0.0;0.0;eev,integrated,separated,ws;lintim;Mumford0;Mumford0;True;False;1e-05;12000;1;2;20;50;200;-5;50;0.75;2;50;50;10;10;16;0.0552;1107;1107
13939019;108;g_000;1;1;80;line_consecutive;0.5;1108;4;14;17-28;3;167507.24800000002;167507.24800004315;167507.248;167507.248;4.3131876736879355e-08;-4.316098056733608e-08;-4.316098056733608e-08;eev,integrated,separated,ws;lintim;Mumford0;Mumford0;True;False;1e-05;12000;1;2;20;50;200;-5;50;0.75;2;50;50;10;10;16;0.0552;1108;1108
13939019;109;g_000;1;1;80;line_consecutive;0.5;1109;4;15;28-30;3;167768.29200000002;167768.289675;167768.292;167768.292;-0.0023250000085681;0.0023249999794643;0.0023249999794643;eev,integrated,separated,ws;lintim;Mumford0;Mumford0;True;False;1e-05;12000;1;2;20;50;200;-5;50;0.75;2;50;50;10;10;16;0.0552;1109;1109
13939019;110;g_000;1;1;80;line_consecutive;0.5;1110;4;16;6-7;4,10;169801.00399930176;170361.24194129772;170701.99399999998;225249.998000002;560.2379419959616;340.7520587022591;54888.75605870425;eev,integrated,separated,ws;lintim;Mumford0;Mumford0;True;False;1e-05;12000;1;2;20;50;200;-5;50;0.75;2;50;50;10;10;16;0.0552;1110;1110
13939019;111;g_000;1;1;80;line_consecutive;0.5;1111;4;17;7-14;4;167264.92800005185;167264.928;167264.928;167264.928;-5.1833922043442726e-08;0.0;0.0;eev,integrated,separated,ws;lintim;Mumford0;Mumford0;True;False;1e-05;12000;1;2;20;50;200;-5;50;0.75;2;50;50;10;10;16;0.0552;1111;1111
13939019;112;g_000;1;1;80;line_consecutive;0.5;1112;4;18;14-19;4;161214.79600000003;161214.79600000003;161214.79599999997;161214.79599999997;0.0;-5.820766091346741e-11;-5.820766091346741e-11;eev,integrated,separated,ws;lintim;Mumford0;Mumford0;True;False;1e-05;12000;1;2;20;50;200;-5;50;0.75;2;50;50;10;10;16;0.0552;1112;1112
13939019;113;g_000;1;1;80;line_consecutive;0.5;1113;4;19;19-20;4;159261.424;159261.42380065582;159261.424;159261.424;-0.0001993441837839;0.0001993441837839;0.0001993441837839;eev,integrated,separated,ws;lintim;Mumford0;Mumford0;True;False;1e-05;12000;1;2;20;50;200;-5;50;0.75;2;50;50;10;10;16;0.0552;1113;1113
13939019;114;g_000;1;1;80;line_consecutive;0.5;1114;4;20;15-24;5;165393.24800000002;165393.24800002592;165393.248;165393.24799998302;2.5902409106493e-08;-2.5931512936949733e-08;-4.2899046093225486e-08;eev,integrated,separated,ws;lintim;Mumford0;Mumford0;True;False;1e-05;12000;1;2;20;50;200;-5;50;0.75;2;50;50;10;10;16;0.0552;1114;1114
13939019;115;g_000;1;1;80;line_consecutive;0.5;1115;4;21;12-15;5,11;173514.34;176372.56;181493.944;177743.124;2858.220000000001;5121.383999999991;1370.564000000013;eev,integrated,separated,ws;lintim;Mumford0;Mumford0;True;False;1e-05;12000;1;2;20;50;200;-5;50;0.75;2;50;50;10;10;16;0.0552;1115;1115
13939019;116;g_000;1;1;80;line_consecutive;0.5;1116;4;22;12-26;5;171812.17600000004;171812.17599999998;171812.17599999998;171812.17599998298;-5.820766091346741e-11;0.0;-1.6996636986732483e-08;eev,integrated,separated,ws;lintim;Mumford0;Mumford0;True;False;1e-05;12000;1;2;20;50;200;-5;50;0.75;2;50;50;10;10;16;0.0552;1116;1116
13939019;117;g_000;1;1;80;line_consecutive;0.5;1117;4;23;3-8;6,12;162333.29200000002;162333.29199999897;162333.292;162333.29199999996;-1.0477378964424131e-09;1.0186340659856794e-09;9.89530235528946e-10;eev,integrated,separated,ws;lintim;Mumford0;Mumford0;True;False;1e-05;12000;1;2;20;50;200;-5;50;0.75;2;50;50;10;10;16;0.0552;1117;1117
13939019;118;g_000;1;1;80;line_consecutive;0.5;1118;4;24;5-8;6;160007.97600000002;160007.9759998976;160007.97599999997;160007.97599999997;-1.024163793772459e-07;1.0235817171633245e-07;1.0235817171633245e-07;eev,integrated,separated,ws;lintim;Mumford0;Mumford0;True;False;1e-05;12000;1;2;20;50;200;-5;50;0.75;2;50;50;10;10;16;0.0552;1118;1118
13939019;119;g_000;1;1;80;line_consecutive;0.5;1119;4;25;10-15;7;164924.22400000002;164924.224;164924.224;164924.224;-2.9103830456733704e-11;0.0;0.0;eev,integrated,separated,ws;lintim;Mumford0;Mumford0;True;False;1e-05;12000;1;2;20;50;200;-5;50;0.75;2;50;50;10;10;16;0.0552;1119;1119
13939019;120;g_000;1;1;80;line_consecutive;0.5;1120;4;26;15-21;7;163489.204;163489.20400000006;163489.20399999997;163489.20399999997;5.820766091346741e-11;-8.731149137020111e-11;-8.731149137020111e-11;eev,integrated,separated,ws;lintim;Mumford0;Mumford0;True;False;1e-05;12000;1;2;20;50;200;-5;50;0.75;2;50;50;10;10;16;0.0552;1120;1120
13939019;121;g_000;1;1;80;line_consecutive;0.5;1121;4;27;6-16;8;155917.55200000005;155917.55200173552;155917.55199999997;155917.55199999997;1.7354614101350307e-06;-1.735548721626401e-06;-1.735548721626401e-06;eev,integrated,separated,ws;lintim;Mumford0;Mumford0;True;False;1e-05;12000;1;2;20;50;200;-5;50;0.75;2;50;50;10;10;16;0.0552;1121;1121
13939019;122;g_000;1;1;80;line_consecutive;0.5;1122;4;28;9-27;9;155917.55200000005;155917.5519812212;155917.55199999997;155917.55199999997;-1.8778868252411485e-05;1.8778780940920115e-05;1.8778780940920115e-05;eev,integrated,separated,ws;lintim;Mumford0;Mumford0;True;False;1e-05;12000;1;2;20;50;200;-5;50;0.75;2;50;50;10;10;16;0.0552;1122;1122
13939019;123;g_000;1;1;80;line_consecutive;0.5;1123;4;29;2-15;10;169117.788;169117.788;169117.788000002;182570.6439999757;0.0;2.008164301514625e-09;13452.855999975698;eev,integrated,separated,ws;lintim;Mumford0;Mumford0;True;False;1e-05;12000;1;2;20;50;200;-5;50;0.75;2;50;50;10;10;16;0.0552;1123;1123
13939019;124;g_000;1;1;80;line_consecutive;0.5;1124;4;30;8-15;10;169410.63200000004;169410.632;169410.63199999998;182742.9639999757;-2.9103830456733704e-11;-2.9103830456733704e-11;13332.331999975691;eev,integrated,separated,ws;lintim;Mumford0;Mumford0;True;False;1e-05;12000;1;2;20;50;200;-5;50;0.75;2;50;50;10;10;16;0.0552;1124;1124
13939019;125;g_000;1;1;80;line_consecutive;0.5;1125;4;31;8-17;10;169788.958;169788.95799999998;169788.95799999998;183112.8479999757;-2.9103830456733704e-11;0.0;13323.889999975712;eev,integrated,separated,ws;lintim;Mumford0;Mumford0;True;False;1e-05;12000;1;2;20;50;200;-5;50;0.75;2;50;50;10;10;16;0.0552;1125;1125
13939019;126;g_000;1;1;80;line_consecutive;0.5;1126;4;32;7-17;10;166969.46800000887;167081.63599999997;167410.39999999997;180194.63999997568;112.16799999109936;328.7639999999956;13113.003999975714;eev,integrated,separated,ws;lintim;Mumford0;Mumford0;True;False;1e-05;12000;1;2;20;50;200;-5;50;0.75;2;50;50;10;10;16;0.0552;1126;1126
13939019;127;g_000;1;1;80;line_consecutive;0.5;1127;4;33;19-23;11;159835.652;160565.60399999988;162050.428;161329.76399999997;729.9519999998738;1484.8240000001388;764.1600000000908;eev,integrated,separated,ws;lintim;Mumford0;Mumford0;True;False;1e-05;12000;1;2;20;50;200;-5;50;0.75;2;50;50;10;10;16;0.0552;1127;1127
13939019;128;g_000;1;1;80;line_consecutive;0.5;1128;4;34;8-21;12;155917.55200000005;155917.5519999998;155917.55199999997;155917.55199999997;-2.6193447411060333e-10;1.7462298274040222e-10;1.7462298274040222e-10;eev,integrated,separated,ws;lintim;Mumford0;Mumford0;True;False;1e-05;12000;1;2;20;50;200;-5;50;0.75;2;50;50;10;10;16;0.0552;1128;1128
13939019;129;g_000;1;1;80;line_consecutive;0.5;1129;4;35;21-24;12;155917.55200000005;155917.552;155917.55199999997;155917.55199999997;-5.820766091346741e-11;-2.9103830456733704e-11;-2.9103830456733704e-11;eev,integrated,separated,ws;lintim;Mumford0;Mumford0;True;False;1e-05;12000;1;2;20;50;200;-5;50;0.75;2;50;50;10;10;16;0.0552;1129;1129
13939019;130;g_000;2;1;80;line_consecutive;0.5;1130;5;0;2-25,8-25;1;213158.844;213338.8440000105;213338.844;213338.844;180.00000001047738;-1.0477378964424132e-08;-1.0477378964424132e-08;eev,integrated,separated,ws;lintim;Mumford0;Mumford0;True;False;1e-05;12000;1;2;20;50;200;-5;50;0.75;2;50;50;10;10;16;0.0552;1130;1130
13939019;131;g_000;2;1;80;line_consecutive;0.5;1131;5;1;8-11,8-25;1;171085.81600000002;171085.81600000066;171085.816;171085.81599999996;6.402842700481415e-10;-6.693881005048752e-10;-6.984919309616089e-10;eev,integrated,separated,ws;lintim;Mumford0;Mumford0;True;False;1e-05;12000;1;2;20;50;200;-5;50;0.75;2;50;50;10;10;16;0.0552;1131;1131
13939019;132;g_000;2;1;80;line_consecutive;0.5;1132;5;2;8-11,11-22;1;202422.39;202854.398;203520.008;203520.008;432.0079999999434;665.6100000000442;665.6100000000442;eev,integrated,separated,ws;lintim;Mumford0;Mumford0;True;False;1e-05;12000;1;2;20;50;200;-5;50;0.75;2;50;50;10;10;16;0.0552;1132;1132
13939019;133;g_000;2;1;80;line_consecutive;0.5;1133;5;3;2-4,4-12;2;190700.294;192636.382;194532.25;194532.25;1936.088000000018;1895.867999999988;1895.867999999988;eev,integrated,separated,ws;lintim;Mumford0;Mumford0;True;False;1e-05;12000;1;2;20;50;200;-5;50;0.75;2;50;50;10;10;16;0.0552;1133;1133
13939019;134;g_000;2;1;80;line_consecutive;0.5;1134;5;4;4-12,12-18;2;265769.67;267705.758;269601.626;331569.71;1936.0879999999888;1895.8680000000168;63863.95200000005;eev,integrated,separated,ws;lintim;Mumford0;Mumford0;True;False;1e-05;12000;1;2;20;50;200;-5;50;0.75;2;50;50;10;10;16;0.0552;1134;1134
13939019;135;g_000;2;1;80;line_consecutive;0.5;1135;5;5;12-18,18-23;2,11;241737.784;242942.312;245310.392;303253.60399999993;1204.5279999999912;2368.079999999987;60311.29199999993;eev,integrated,separated,ws;lintim;Mumford0;Mumford0;True;False;1e-05;12000;1;2;20;50;200;-5;50;0.75;2;50;50;10;10;16;0.0552;1135;1135
13939019;136;g_000;2;1;80;line_consecutive;0.5;1136;5;6;1-23,18-23;2;173173.50800000003;174630.95599999995;176911.96399999998;238197.88799999995;1457.4479999999166;2281.0080000000307;63566.932;eev,integrated,separated,ws;lintim;Mumford0;Mumford0;True;False;1e-05;12000;1;2;20;50;200;-5;50;0.75;2;50;50;10;10;16;0.0552;1136;1136
13939019;137;g_000;2;1;80;line_consecutive;0.5;1137;5;7;1-14,1-23;2;166297.40800000002;168233.496;170129.36399999997;170129.36399999997;1936.0879999999888;1895.8679999999583;1895.8679999999583;eev,integrated,separated,ws;lintim;Mumford0;Mumford0;True;False;1e-05;12000;1;2;20;50;200;-5;50;0.75;2;50;50;10;10;16;0.0552;1137;1137
13939019;138;g_000;2;1;80;line_consecutive;0.5;1138;5;8;1-13,9-13;3;237391.67;237906.42599999992;237906.42599999995;237906.42599999995;514.7559999999066;2.9103830456733704e-11;2.9103830456733704e-11;eev,integrated,separated,ws;lintim;Mumford0;Mumford0;True;False;1e-05;12000;1;2;20;50;200;-5;50;0.75;2;50;50;10;10;16;0.0552;1138;1138
13939019;139;g_000;2;1;80;line_consecutive;0.5;1139;5;9;1-13,1-29;3;173077.49200000003;173077.4919999999;173077.49199999997;173077.49199999997;-1.1641532182693479e-10;5.820766091346741e-11;5.820766091346741e-11;eev,integrated,separated,ws;lintim;Mumford0;Mumford0;True;False;1e-05;12000;1;2;20;50;200;-5;50;0.75;2;50;50;10;10;16;0.0552;1139;1139
13939019;140;g_000;2;1;80;line_consecutive;0.5;1140;5;10;1-29,17-29;3;176334.744;177410.55;177410.55;177410.55;1075.8059999999823;0.0;0.0;eev,integrated,separated,ws;lintim;Mumford0;Mumford0;True;False;1e-05;12000;1;2;20;50;200;-5;50;0.75;2;50;50;10;10;16;0.0552;1140;1140
13939019;141;g_000;2;1;80;line_consecutive;0.5;1141;5;11;17-28,17-29;3;171021.64200000002;171490.0320000051;171490.03199999998;171490.03199999998;468.3900000050781;-5.122274160385132e-09;-5.122274160385132e-09;eev,integrated,separated,ws;lintim;Mumford0;Mumford0;True;False;1e-05;12000;1;2;20;50;200;-5;50;0.75;2;50;50;10;10;16;0.0552;1141;1141
13939019;142;g_000;2;1;80;line_consecutive;0.5;1142;5;12;17-28,28-30;3;196268.606;197336.23;197824.708;197824.708;1067.6240000000107;488.4780000000028;488.4780000000028;eev,integrated,separated,ws;lintim;Mumford0;Mumford0;True;False;1e-05;12000;1;2;20;50;200;-5;50;0.75;2;50;50;10;10;16;0.0552;1142;1142
13939019;143;g_000;2;1;80;line_consecutive;0.5;1143;5;13;6-7,7-14;4;180029.738;180118.29199999996;180118.29199999996;233487.49399999995;88.55399999994552;0.0;53369.20199999999;eev,integrated,separated,ws;lintim;Mumford0;Mumford0;True;False;1e-05;12000;1;2;20;50;200;-5;50;0.75;2;50;50;10;10;16;0.0552;1143;1143
13939019;144;g_000;2;1;80;line_consecutive;0.5;1144;5;14;7-14,14-19;4;167264.92800005185;167264.928;167264.928;167264.928;-5.1833922043442726e-08;0.0;0.0;eev,integrated,separated,ws;lintim;Mumford0;Mumford0;True;False;1e-05;12000;1;2;20;50;200;-5;50;0.75;2;50;50;10;10;16;0.0552;1144;1144
13939019;145;g_000;2;1;80;line_consecutive;0.5;1145;5;15;14-19,19-20;4;164061.424;164061.4236019508;164061.42399999997;164061.42399999997;-0.0003980491892434;0.0003980491601396;0.0003980491601396;eev,integrated,separated,ws;lintim;Mumford0;Mumford0;True;False;1e-05;12000;1;2;20;50;200;-5;50;0.75;2;50;50;10;10;16;0.0552;1145;1145
13939019;146;g_000;2;1;80;line_consecutive;0.5;1146;5;16;12-15,15-24;5;173514.33999964152;176372.56000001216;181493.944;177743.124;2858.2200003706384;5121.3839999878255;1370.5639999878476;eev,integrated,separated,ws;lintim;Mumford0;Mumford0;True;False;1e-05;12000;1;2;20;50;200;-5;50;0.75;2;50;50;10;10;16;0.0552;1146;1146
13939019;147;g_000;2;1;80;line_consecutive;0.5;1147;5;17;12-15,12-26;5;173226.136;173956.088;178411.15999999997;177598.03600000002;729.9519999999902;4455.071999999986;3641.948000000033;eev,integrated,separated,ws;lintim;Mumford0;Mumford0;True;False;1e-05;12000;1;2;20;50;200;-5;50;0.75;2;50;50;10;10;16;0.0552;1147;1147
13939019;148;g_000;2;1;80;line_consecutive;0.5;1148;5;18;3-8,5-8;6;164321.748;164321.748;164321.748;164321.74799999996;0.0;0.0;-2.9103830456733704e-11;eev,integrated,separated,ws;lintim;Mumford0;Mumford0;True;False;1e-05;12000;1;2;20;50;200;-5;50;0.75;2;50;50;10;10;16;0.0552;1148;1148
13939019;149;g_000;2;1;80;line_consecutive;0.5;1149;5;19;10-15,15-21;7;170549.20400000003;170549.20400000003;170549.20399999997;170549.20399999997;0.0;-5.820766091346741e-11;-5.820766091346741e-11;eev,integrated,separated,ws;lintim;Mumford0;Mumford0;True;False;1e-05;12000;1;2;20;50;200;-5;50;0.75;2;50;50;10;10;16;0.0552;1149;1149
13939019;150;g_000;2;1;80;line_consecutive;0.5;1150;5;20;2-15,8-15;10;173779.884;174290.46399999992;174538.62;187403.4679999757;510.579999999929;248.15600000007544;13113.003999975772;eev,integrated,separated,ws;lintim;Mumford0;Mumford0;True;False;1e-05;12000;1;2;20;50;200;-5;50;0.75;2;50;50;10;10;16;0.0552;1150;1150
13939019;151;g_000;2;1;80;line_consecutive;0.5;1151;5;21;8-15,8-17;10;176526.04400000002;176526.04400000855;176526.044;189850.0679999757;8.527422323822975e-09;-8.556526154279709e-09;13324.023999967148;eev,integrated,separated,ws;lintim;Mumford0;Mumford0;True;False;1e-05;12000;1;2;20;50;200;-5;50;0.75;2;50;50;10;10;16;0.0552;1151;1151
13939019;152;g_000;2;1;80;line_consecutive;0.5;1152;5;22;7-17,8-17;10;169870.06800000003;169982.23599999992;170302.254;183095.2399999757;112.1679999998887;320.01800000006915;13113.003999975772;eev,integrated,separated,ws;lintim;Mumford0;Mumford0;True;False;1e-05;12000;1;2;20;50;200;-5;50;0.75;2;50;50;10;10;16;0.0552;1152;1152
13939019;153;g_000;2;1;80;line_consecutive;0.5;1153;5;23;6-7,7-17;10;172121.828;172713.99599999998;173067.43399999998;227592.606;592.167999999976;353.43799999999464;54878.610000000015;eev,integrated,separated,ws;lintim;Mumford0;Mumford0;True;False;1e-05;12000;1;2;20;50;200;-5;50;0.75;2;50;50;10;10;16;0.0552;1153;1153
13939019;154;g_000;2;1;80;line_consecutive;0.5;1154;5;24;12-15,12-18;11;192660.8679999858;195493.528;200078.704;258243.46;2832.660000014148;4585.176000000036;62749.93200000003;eev,integrated,separated,ws;lintim;Mumford0;Mumford0;True;False;1e-05;12000;1;2;20;50;200;-5;50;0.75;2;50;50;10;10;16;0.0552;1154;1154
13939019;155;g_000;2;1;80;line_consecutive;0.5;1155;5;25;18-23,19-23;11;193439.78;194644.308;195406.372;257152.272;1204.5279999999912;762.064000000013;62507.96399999998;eev,integrated,separated,ws;lintim;Mumford0;Mumford0;True;False;1e-05;12000;1;2;20;50;200;-5;50;0.75;2;50;50;10;10;16;0.0552;1155;1155
13939019;156;g_000;2;1;80;line_consecutive;0.5;1156;5;26;3-8,8-21;12;162333.29200000002;162333.29200000002;162333.2919999997;162333.29199999967;0.0;-3.2014213502407074e-10;-3.4924596548080444e-10;eev,integrated,separated,ws;lintim;Mumford0;Mumford0;True;False;1e-05;12000;1;2;20;50;200;-5;50;0.75;2;50;50;10;10;16;0.0552;1156;1156
13939019;157;g_000;2;1;80;line_consecutive;0.5;1157;5;27;8-21,21-24;12;155917.55200000005;155917.552;155917.55199999997;155917.55199999997;-5.820766091346741e-11;-2.9103830456733704e-11;-2.9103830456733704e-11;eev,integrated,separated,ws;lintim;Mumford0;Mumford0;True;False;1e-05;12000;1;2;20;50;200;-5;50;0.75;2;50;50;10;10;16;0.0552;1157;1157
13939019;158;g_000;3;1;60;line_consecutive;0.5;1158;6;0;2-25,8-11,8-25;1;222490.83;222490.83;222490.83;222490.83;0.0;0.0;0.0;eev,integrated,separated,ws;lintim;Mumford0;Mumford0;True;False;1e-05;12000;1;2;20;50;200;-5;50;0.75;2;50;50;10;10;16;0.0552;1158;1158
13939019;159;g_000;3;1;60;line_consecutive;0.5;1159;6;1;8-11,8-25,11-22;1;206693.5;207125.50800000184;207791.96;207791.96;432.0080000018352;666.4519999981567;666.4519999981567;eev,integrated,separated,ws;lintim;Mumford0;Mumford0;True;False;1e-05;12000;1;2;20;50;200;-5;50;0.75;2;50;50;10;10;16;0.0552;1159;1159
13939019;160;g_000;3;1;60;line_consecutive;0.5;1160;6;2;2-4,4-12,12-18;2;265769.67;267705.758;269601.626;331569.71;1936.0879999999888;1895.8680000000168;63863.95200000005;eev,integrated,separated,ws;lintim;Mumford0;Mumford0;True;False;1e-05;12000;1;2;20;50;200;-5;50;0.75;2;50;50;10;10;16;0.0552;1160;1160
13939019;161;g_000;3;1;60;line_consecutive;0.5;1161;6;3;4-12,12-18,18-23;2;265769.67;267705.758;269601.626;331569.71;1936.0879999999888;1895.8680000000168;63863.95200000005;eev,integrated,separated,ws;lintim;Mumford0;Mumford0;True;False;1e-05;12000;1;2;20;50;200;-5;50;0.75;2;50;50;10;10;16;0.0552;1161;1161
13939019;162;g_000;3;1;60;line_consecutive;0.5;1162;6;4;1-23,12-18,18-23;2;242539.388;243779.072;246322.28;304090.36399999994;1239.6839999999793;2543.2080000000133;60311.29199999996;eev,integrated,separated,ws;lintim;Mumford0;Mumford0;True;False;1e-05;12000;1;2;20;50;200;-5;50;0.75;2;50;50;10;10;16;0.0552;1162;1162
13939019;163;g_000;3;1;60;line_consecutive;0.5;1163;6;5;1-14,1-23,18-23;2;180982.3920000493;182918.48;184814.348;246160.936;1936.087999950687;1895.867999999988;63242.45599999995;eev,integrated,separated,ws;lintim;Mumford0;Mumford0;True;False;1e-05;12000;1;2;20;50;200;-5;50;0.75;2;50;50;10;10;16;0.0552;1163;1163
13939019;164;g_000;3;1;60;line_consecutive;0.5;1164;6;6;1-13,1-29,9-13;3;240424.112;240911.60739651648;240911.608;240911.608;487.4953965164896;0.0006034835241734;0.0006034835241734;eev,integrated,separated,ws;lintim;Mumford0;Mumford0;True;False;1e-05;12000;1;2;20;50;200;-5;50;0.75;2;50;50;10;10;16;0.0552;1164;1164
13939019;165;g_000;3;1;60;line_consecutive;0.5;1165;6;7;1-13,1-29,17-29;3;184344.9440000383;184344.944;184344.944;184344.944;-3.8300640881061554e-08;0.0;0.0;eev,integrated,separated,ws;lintim;Mumford0;Mumford0;True;False;1e-05;12000;1;2;20;50;200;-5;50;0.75;2;50;50;10;10;16;0.0552;1165;1165
13939019;166;g_000;3;1;60;line_consecutive;0.5;1166;6;8;1-29,17-28,17-29;3;176334.744;177410.55000000523;177410.55;177410.55;1075.806000005221;-5.2386894822120675e-09;-5.2386894822120675e-09;eev,integrated,separated,ws;lintim;Mumford0;Mumford0;True;False;1e-05;12000;1;2;20;50;200;-5;50;0.75;2;50;50;10;10;16;0.0552;1166;1166
13939019;167;g_000;3;1;60;line_consecutive;0.5;1167;6;9;17-28,17-29,28-30;3;177513.088;178748.70400000518;178748.70399999997;178748.70399999997;1235.6160000051896;-5.209585651755333e-09;-5.209585651755333e-09;eev,integrated,separated,ws;lintim;Mumford0;Mumford0;True;False;1e-05;12000;1;2;20;50;200;-5;50;0.75;2;50;50;10;10;16;0.0552;1167;1167
13939019;168;g_000;3;1;60;line_consecutive;0.5;1168;6;10;6-7,7-14,14-19;4;180029.738;180118.29199999996;180118.29199999996;233487.49399999995;88.55399999994552;0.0;53369.20199999999;eev,integrated,separated,ws;lintim;Mumford0;Mumford0;True;False;1e-05;12000;1;2;20;50;200;-5;50;0.75;2;50;50;10;10;16;0.0552;1168;1168
13939019;169;g_000;3;1;60;line_consecutive;0.5;1169;6;11;7-14,14-19,19-20;4;169455.98;169533.06199998868;169533.06199999998;169533.06199999998;77.08199998867349;1.1292286217212677e-08;1.1292286217212677e-08;eev,integrated,separated,ws;lintim;Mumford0;Mumford0;True;False;1e-05;12000;1;2;20;50;200;-5;50;0.75;2;50;50;10;10;16;0.0552;1169;1169
13939019;170;g_000;3;1;60;line_consecutive;0.5;1170;6;12;12-15,12-26,15-24;5;173514.34;176474.77999999997;180929.852;179517.968;2960.439999999973;4455.072000000044;3043.188000000024;eev,integrated,separated,ws;lintim;Mumford0;Mumford0;True;False;1e-05;12000;1;2;20;50;200;-5;50;0.75;2;50;50;10;10;16;0.0552;1170;1170
13939019;171;g_000;3;1;60;line_consecutive;0.5;1171;6;13;2-15,8-15,8-17;10;178594.22400000002;179110.46399999995;179358.62000000314;192223.46799997787;516.2399999999325;248.15600000318955;13113.003999977926;eev,integrated,separated,ws;lintim;Mumford0;Mumford0;True;False;1e-05;12000;1;2;20;50;200;-5;50;0.75;2;50;50;10;10;16;0.0552;1171;1171
13939019;172;g_000;3;1;60;line_consecutive;0.5;1172;6;14;7-17,8-15,8-17;10;174360.06800000003;174472.23542443494;174792.254;187585.2399999757;112.1674244349124;320.01857556504547;13113.004575540748;eev,integrated,separated,ws;lintim;Mumford0;Mumford0;True;False;1e-05;12000;1;2;20;50;200;-5;50;0.75;2;50;50;10;10;16;0.0552;1172;1172
13939019;173;g_000;3;1;60;line_consecutive;0.5;1173;6;15;6-7,7-17,8-17;10;176732.032;177847.64800000004;177847.648;232974.40399999995;1115.6160000000382;-5.820766091346741e-11;55126.75599999991;eev,integrated,separated,ws;lintim;Mumford0;Mumford0;True;False;1e-05;12000;1;2;20;50;200;-5;50;0.75;2;50;50;10;10;16;0.0552;1173;1173
13939019;174;g_000;3;1;60;line_consecutive;0.5;1174;6;16;12-15,12-18,18-23;11;247940.99200000003;249878.44;252607.456;310877.6599999999;1937.4479999999749;2729.0160000000037;60999.21999999992;eev,integrated,separated,ws;lintim;Mumford0;Mumford0;True;False;1e-05;12000;1;2;20;50;200;-5;50;0.75;2;50;50;10;10;16;0.0552;1174;1174
13939019;175;g_000;3;1;60;line_consecutive;0.5;1175;6;17;12-18,18-23,19-23;11;190786.52;192053.848;194052.856;255013.98599999995;1267.3280000000086;1999.0080000000016;62960.13799999995;eev,integrated,separated,ws;lintim;Mumford0;Mumford0;True;False;1e-05;12000;1;2;20;50;200;-5;50;0.75;2;50;50;10;10;16;0.0552;1175;1175
13939019;176;g_000;3;1;60;line_consecutive;0.5;1176;6;18;3-8,8-21,21-24;12;162333.29200000002;162333.29200000572;162333.292;162333.29199999996;5.704350769519806e-09;-5.7334545999765404e-09;-5.762558430433273e-09;eev,integrated,separated,ws;lintim;Mumford0;Mumford0;True;False;1e-05;12000;1;2;20;50;200;-5;50;0.75;2;50;50;10;10;16;0.0552;1176;1176
13939019;177;g_000;4;1;40;line_consecutive;0.5;1177;7;0;2-25,8-11,8-25,11-22;1;256264.282;256696.28999999992;257373.086;257373.08599999995;432.0079999999143;676.7960000000894;676.7960000000312;eev,integrated,separated,ws;lintim;Mumford0;Mumford0;True;False;1e-05;12000;1;2;20;50;200;-5;50;0.75;2;50;50;10;10;16;0.0552;1177;1177
13939019;178;g_000;4;1;40;line_consecutive;0.5;1178;7;1;2-4,4-12,12-18,18-23;2;265769.67;267705.758;269601.626;331569.71;1936.0879999999888;1895.8680000000168;63863.95200000005;eev,integrated,separated,ws;lintim;Mumford0;Mumford0;True;False;1e-05;12000;1;2;20;50;200;-5;50;0.75;2;50;50;10;10;16;0.0552;1178;1178
13939019;179;g_000;4;1;40;line_consecutive;0.5;1179;7;2;1-23,4-12,12-18,18-23;2;265769.67;267705.758;269601.626;331569.71;1936.0879999999888;1895.8680000000168;63863.95200000005;eev,integrated,separated,ws;lintim;Mumford0;Mumford0;True;False;1e-05;12000;1;2;20;50;200;-5;50;0.75;2;50;50;10;10;16;0.0552;1179;1179
13939019;180;g_000;4;1;40;line_consecutive;0.5;1180;7;3;1-14,1-23,12-18,18-23;2;245649.436;246938.1835289398;249481.392;310049.4759999999;1288.747528939799;2543.208471060206;63111.29247106012;eev,integrated,separated,ws;lintim;Mumford0;Mumford0;True;False;1e-05;12000;1;2;20;50;200;-5;50;0.75;2;50;50;10;10;16;0.0552;1180;1180
13939019;181;g_000;4;1;40;line_consecutive;0.5;1181;7;4;1-13,1-29,9-13,17-29;3;245699.524;246190.64;246190.64;246190.64;491.1159999999509;5.820766091346741e-11;5.820766091346741e-11;eev,integrated,separated,ws;lintim;Mumford0;Mumford0;True;False;1e-05;12000;1;2;20;50;200;-5;50;0.75;2;50;50;10;10;16;0.0552;1181;1181
13939019;182;g_000;4;1;40;line_consecutive;0.5;1182;7;5;1-13,1-29,17-28,17-29;3;186325.7040000283;186325.704;186325.704;186325.704;-2.8288923203945163e-08;0.0;0.0;eev,integrated,separated,ws;lintim;Mumford0;Mumford0;True;False;1e-05;12000;1;2;20;50;200;-5;50;0.75;2;50;50;10;10;16;0.0552;1182;1182
13939019;183;g_000;4;1;40;line_consecutive;0.5;1183;7;6;1-29,17-28,17-29,28-30;3;206478.984;207714.5999999996;207714.59999999995;207714.59999999995;1235.6159999995723;3.7834979593753815e-10;3.7834979593753815e-10;eev,integrated,separated,ws;lintim;Mumford0;Mumford0;True;False;1e-05;12000;1;2;20;50;200;-5;50;0.75;2;50;50;10;10;16;0.0552;1183;1183
13939019;184;g_000;4;1;40;line_consecutive;0.5;1184;7;7;6-7,7-14,14-19,19-20;4;182096.962;182384.564;182902.09;234308.01799999992;287.6020000000135;517.5259999999835;51923.45399999991;eev,integrated,separated,ws;lintim;Mumford0;Mumford0;True;False;1e-05;12000;1;2;20;50;200;-5;50;0.75;2;50;50;10;10;16;0.0552;1184;1184
13939019;185;g_000;4;1;40;line_consecutive;0.5;1185;7;8;2-15,7-17,8-15,8-17;10;178368.79200000002;178851.76399999973;179034.212;191964.7679999757;482.9719999997178;182.4480000002659;13113.003999975976;eev,integrated,separated,ws;lintim;Mumford0;Mumford0;True;False;1e-05;12000;1;2;20;50;200;-5;50;0.75;2;50;50;10;10;16;0.0552;1185;1185
13939019;186;g_000;4;1;40;line_consecutive;0.5;1186;7;9;6-7,7-17,8-15,8-17;10;177338.35400000002;180117.64800000004;180117.64799999536;235207.27600000065;2779.2940000000235;-4.685716703534126e-09;55089.62800000061;eev,integrated,separated,ws;lintim;Mumford0;Mumford0;True;False;1e-05;12000;1;2;20;50;200;-5;50;0.75;2;50;50;10;10;16;0.0552;1186;1186
13939019;187;g_000;4;1;40;line_consecutive;0.5;1187;7;10;12-15,12-18,18-23,19-23;11;202165.794;204401.91;208787.086;270774.58;2236.116000000009;4385.176000000007;66372.67000000001;eev,integrated,separated,ws;lintim;Mumford0;Mumford0;True;False;1e-05;12000;1;2;20;50;200;-5;50;0.75;2;50;50;10;10;16;0.0552;1187;1187
