array_job_id;task_id;run_group_id;case_k;case_per_run;case_variants;case_selection;case_p_fail;case_id;case_sweep_row;case_variant_idx;case_edges;case_lines;WS;RP;EEV_nom;EEV_mean;EVPI;VSS_nom;VSS_mean;procedures_present
12183444;0;g_000;1;1;38;line_consecutive;0.5;1000;0;0;12-13;12;51140.240000000005;9843.9044;9843.9044;9843.9044;-41296.335600000006;0.0;0.0;eev,integrated,separated,ws
12183444;1;g_000;1;1;38;line_consecutive;0.5;1001;0;1;20-21;6;52734.39;9843.9044;9843.9044;9843.9044;-42890.4856;0.0;0.0;eev,integrated,separated,ws
12183444;2;g_000;1;1;38;line_consecutive;0.5;1002;0;2;14-23;4,10;54841.905;9843.9044;9843.9044;9843.9044;-44998.0006;0.0;0.0;eev,integrated,separated,ws
12183444;3;g_000;1;1;38;line_consecutive;0.5;1003;0;3;22-23;5;51792.380000000005;9843.9044;9843.9044;9843.9044;-41948.475600000005;0.0;0.0;eev,integrated,separated,ws
12183444;4;g_000;1;1;38;line_consecutive;0.5;1004;0;4;11-14;4,8,10;55715.630000000005;9843.9044;9843.9044;9843.9044;-45871.725600000005;0.0;0.0;eev,integrated,separated,ws
12183444;5;g_000;1;1;38;line_consecutive;0.5;1005;0;5;4-5;3;51140.240000000194;9843.9044;9843.9044;9843.9044;-41296.3356000002;0.0;0.0;eev,integrated,separated,ws
12183444;6;g_000;1;1;38;line_consecutive;0.5;1006;0;6;1-2;12;51140.24000000011;9843.9044;9843.9044;9843.9044;-41296.33560000011;0.0;0.0;eev,integrated,separated,ws
12183444;7;g_000;1;1;38;line_consecutive;0.5;1007;0;7;4-11;4;54346.69;9843.9044;9843.9044;9843.9044;-44502.7856;0.0;0.0;eev,integrated,separated,ws
12183444;8;g_000;1;1;38;line_consecutive;0.5;1008;0;8;16-17;2,13;56436.240000000005;9843.9044;9843.9044;9843.9044;-46592.335600000006;0.0;0.0;eev,integrated,separated,ws
12183444;9;g_000;1;1;38;line_consecutive;0.5;1009;0;9;10-11;1,7,10;55473.420000000006;9843.9044;9843.9044;9843.9044;-45629.515600000006;0.0;0.0;eev,integrated,separated,ws
12183444;10;g_000;1;1;38;line_consecutive;0.5;1010;0;10;7-18;3,11;51140.24000000196;9843.9044;9843.9044;9843.9044;-41296.33560000196;0.0;0.0;eev,integrated,separated,ws
12183444;11;g_000;1;1;38;line_consecutive;0.5;1011;0;11;13-24;6;53437.6699999994;9843.9044;9843.9044;9843.9044;-43593.7655999994;0.0;0.0;eev,integrated,separated,ws
12183444;12;g_000;1;1;38;line_consecutive;0.5;1012;0;12;20-21;6;52734.39;9843.9044;9843.9044;9843.9044;-42890.4856;0.0;0.0;eev,integrated,separated,ws
12183444;13;g_000;1;1;38;line_consecutive;0.5;1013;0;13;1-3;4,8,12;58395.61999999995;9843.9044;9843.9044;9843.9044;-48551.71559999995;0.0;0.0;eev,integrated,separated,ws
12183444;14;g_000;1;1;38;line_consecutive;0.5;1014;0;14;18-20;11;51140.23999990314;9843.9044;9843.9044;9843.9044;-41296.33559990314;0.0;0.0;eev,integrated,separated,ws
12183444;15;g_000;1;1;38;line_consecutive;0.5;1015;0;15;23-24;4;54286.70000000001;9843.9044;9843.9044;9843.9044;-44442.79560000001;0.0;0.0;eev,integrated,separated,ws
12183444;16;g_000;1;1;38;line_consecutive;0.5;1016;0;16;21-24;6;52808.18999999981;9843.9044;9843.9044;9843.9044;-42964.28559999981;0.0;0.0;eev,integrated,separated,ws
12183444;17;g_000;1;1;38;line_consecutive;0.5;1017;0;17;17-19;2,13,14;60308.675;9843.9044;9843.9044;9843.9044;-50464.7706;0.0;0.0;eev,integrated,separated,ws
12183444;18;g_000;1;1;38;line_consecutive;0.5;1018;0;18;21-22;13;51402.16;9843.9044;9843.9044;9843.9044;-41558.2556;0.0;0.0;eev,integrated,separated,ws
12183444;19;g_000;1;1;38;line_consecutive;0.5;1019;0;19;16-18;1;52748.68000000001;9843.9044;9843.9044;9843.9044;-42904.77560000001;0.0;0.0;eev,integrated,separated,ws
12183444;20;g_000;1;1;38;line_consecutive;0.5;1020;0;20;17-19;2,13,14;60308.675;9843.9044;9843.9044;9843.9044;-50464.7706;0.0;0.0;eev,integrated,separated,ws
12183444;21;g_000;1;1;38;line_consecutive;0.5;1021;0;21;5-9;3,9;51271.240000000005;9843.9044;9843.9044;9843.9044;-41427.335600000006;0.0;0.0;eev,integrated,separated,ws
12183444;22;g_000;1;1;38;line_consecutive;0.5;1022;0;22;19-20;2;57616.3;9843.9044;9843.9044;9843.9044;-47772.3956;0.0;0.0;eev,integrated,separated,ws
12183444;23;g_000;1;1;38;line_consecutive;0.5;1023;0;23;1-2;12;51140.24000000011;9843.9044;9843.9044;9843.9044;-41296.33560000011;0.0;0.0;eev,integrated,separated,ws
12183444;24;g_000;1;1;38;line_consecutive;0.5;1024;0;24;21-22;13;51402.16;9843.9044;9843.9044;9843.9044;-41558.2556;0.0;0.0;eev,integrated,separated,ws
12183444;25;g_000;1;1;38;line_consecutive;0.5;1025;0;25;8-9;3,7;51140.240000000005;9843.9044;9843.9044;9843.9044;-41296.335600000006;0.0;0.0;eev,integrated,separated,ws
12183444;26;g_000;1;1;38;line_consecutive;0.5;1026;0;26;10-15;5,9;52049.83500000001;9843.9044;9843.9044;9843.9044;-42205.93060000001;0.0;0.0;eev,integrated,separated,ws
12183444;27;g_000;1;1;38;line_consecutive;0.5;1027;0;27;1-2;12;51140.24000000011;9843.9044;9843.9044;9843.9044;-41296.33560000011;0.0;0.0;eev,integrated,separated,ws
12183444;28;g_000;1;1;38;line_consecutive;0.5;1028;0;28;16-17;2,13;56436.240000000005;9843.9044;9843.9044;9843.9044;-46592.335600000006;0.0;0.0;eev,integrated,separated,ws
12183444;29;g_000;1;1;38;line_consecutive;0.5;1029;0;29;2-6;2;58921.55500000001;9843.9044;9843.9044;9843.9044;-49077.65060000001;0.0;0.0;eev,integrated,separated,ws
12183444;30;g_000;1;1;38;line_consecutive;0.5;1030;0;30;14-23;4,10;54841.905;9843.9044;9843.9044;9843.9044;-44998.0006;0.0;0.0;eev,integrated,separated,ws
12183444;31;g_000;1;1;38;line_consecutive;0.5;1031;0;31;20-21;6;52734.39;9843.9044;9843.9044;9843.9044;-42890.4856;0.0;0.0;eev,integrated,separated,ws
12183444;32;g_000;1;1;38;line_consecutive;0.5;1032;0;32;6-8;2;57269.425;9843.9044;9843.9044;9843.9044;-47425.5206;0.0;0.0;eev,integrated,separated,ws
12183444;33;g_000;1;1;38;line_consecutive;0.5;1033;0;33;18-20;11;51140.23999990314;9843.9044;9843.9044;9843.9044;-41296.33559990314;0.0;0.0;eev,integrated,separated,ws
12183444;34;g_000;1;1;38;line_consecutive;0.5;1034;0;34;15-19;9,13,14;51730.350000000006;9843.9044;9843.9044;9843.9044;-41886.44560000001;0.0;0.0;eev,integrated,separated,ws
12183444;35;g_000;1;1;38;line_consecutive;0.5;1035;0;35;19-20;2;57616.3;9843.9044;9843.9044;9843.9044;-47772.3956;0.0;0.0;eev,integrated,separated,ws
12183444;36;g_000;1;1;38;line_consecutive;0.5;1036;0;36;20-21;6;52734.39;9843.9044;9843.9044;9843.9044;-42890.4856;0.0;0.0;eev,integrated,separated,ws
12183444;37;g_000;1;1;38;line_consecutive;0.5;1037;0;37;18-20;11;51140.23999990314;9843.9044;9843.9044;9843.9044;-41296.33559990314;0.0;0.0;eev,integrated,separated,ws
12183444;38;g_000;2;1;60;line_consecutive;0.5;1038;1;0;9-10,10-15;9;52547.32999999312;9843.9044;9843.9044;9843.9044;-42703.42559999312;0.0;0.0;eev,integrated,separated,ws
12183444;39;g_000;2;1;60;line_consecutive;0.5;1039;1;1;13-24,21-24;6;53437.67000000151;9843.9044;9843.9044;9843.9044;-43593.76560000151;0.0;0.0;eev,integrated,separated,ws
12183444;40;g_000;2;1;60;line_consecutive;0.5;1040;1;2;10-15,15-22;5;53183.285;9843.9044;9843.9044;9843.9044;-43339.3806;0.0;0.0;eev,integrated,separated,ws
12183444;41;g_000;2;1;60;line_consecutive;0.5;1041;1;3;8-9,9-10;7;;9843.9044;9843.9044;9843.9044;;0.0;0.0;eev,integrated,separated,ws
12183444;42;g_000;2;1;60;line_consecutive;0.5;1042;1;4;15-19,17-19;13,14;72909.40999999997;9843.9044;9843.9044;9843.9044;-63065.505599999975;0.0;0.0;eev,integrated,separated,ws
12183444;43;g_000;2;1;60;line_consecutive;0.5;1043;1;5;17-19,19-20;2;67375.08999999998;9843.9044;9843.9044;9843.9044;-57531.18559999998;0.0;0.0;eev,integrated,separated,ws
12183444;44;g_000;2;1;60;line_consecutive;0.5;1044;1;6;2-6,6-8;2;58921.55499999999;9843.9044;9843.9044;9843.9044;-49077.65059999999;0.0;0.0;eev,integrated,separated,ws
12183444;45;g_000;2;1;60;line_consecutive;0.5;1045;1;7;8-16,10-16;10;60116.28;9843.9044;9843.9044;9843.9044;-50272.3756;0.0;0.0;eev,integrated,separated,ws
12183444;46;g_000;2;1;60;line_consecutive;0.5;1046;1;8;5-9,8-9;3;;9843.9044;9843.9044;9843.9044;;0.0;0.0;eev,integrated,separated,ws
12183444;47;g_000;2;1;60;line_consecutive;0.5;1047;1;9;17-19,19-20;2;67375.08999999998;9843.9044;9843.9044;9843.9044;-57531.18559999998;0.0;0.0;eev,integrated,separated,ws
12183444;48;g_000;2;1;60;line_consecutive;0.5;1048;1;10;8-16,16-17;2,13;58484.11;9843.9044;9843.9044;9843.9044;-48640.2056;0.0;0.0;eev,integrated,separated,ws
12183444;49;g_000;2;1;60;line_consecutive;0.5;1049;1;11;17-19,19-20;2;67375.08999999998;9843.9044;9843.9044;9843.9044;-57531.18559999998;0.0;0.0;eev,integrated,separated,ws
12183444;50;g_000;2;1;60;line_consecutive;0.5;1050;1;12;14-15,15-19;14;51730.34999999983;9843.9044;9843.9044;9843.9044;-41886.44559999983;0.0;0.0;eev,integrated,separated,ws
12183444;51;g_000;2;1;60;line_consecutive;0.5;1051;1;13;2-6,6-8;2;58921.55499999999;9843.9044;9843.9044;9843.9044;-49077.65059999999;0.0;0.0;eev,integrated,separated,ws
12183444;52;g_000;2;1;60;line_consecutive;0.5;1052;1;14;15-22,22-23;5;53420.28499999129;9843.9044;9843.9044;9843.9044;-43576.38059999129;0.0;0.0;eev,integrated,separated,ws
12183444;53;g_000;2;1;60;line_consecutive;0.5;1053;1;15;15-22,22-23;5;53420.28499999129;9843.9044;9843.9044;9843.9044;-43576.38059999129;0.0;0.0;eev,integrated,separated,ws
12183444;54;g_000;2;1;60;line_consecutive;0.5;1054;1;16;9-10,10-11;7;56715.57500000001;9843.9044;9843.9044;9843.9044;-46871.67060000001;0.0;0.0;eev,integrated,separated,ws
12183444;55;g_000;2;1;60;line_consecutive;0.5;1055;1;17;10-11,10-16;1,10;55473.420000000006;9843.9044;9843.9044;9843.9044;-45629.515600000006;0.0;0.0;eev,integrated,separated,ws
12183444;56;g_000;2;1;60;line_consecutive;0.5;1056;1;18;13-24,21-24;6;53437.67000000151;9843.9044;9843.9044;9843.9044;-43593.76560000151;0.0;0.0;eev,integrated,separated,ws
12183444;57;g_000;2;1;60;line_consecutive;0.5;1057;1;19;10-16,16-18;1;53710.72;9843.9044;9843.9044;9843.9044;-43866.8156;0.0;0.0;eev,integrated,separated,ws
12183444;58;g_000;2;1;60;line_consecutive;0.5;1058;1;20;1-2,1-3;12;;9843.9044;9843.9044;9843.9044;;0.0;0.0;eev,integrated,separated,ws
12183444;59;g_000;2;1;60;line_consecutive;0.5;1059;1;21;1-3,3-4;4;59983.26000000001;9843.9044;9843.9044;9843.9044;-50139.35560000001;0.0;0.0;eev,integrated,separated,ws
12183444;60;g_000;2;1;60;line_consecutive;0.5;1060;1;22;14-15,15-19;14;51730.34999999983;9843.9044;9843.9044;9843.9044;-41886.44559999983;0.0;0.0;eev,integrated,separated,ws
12183444;61;g_000;2;1;60;line_consecutive;0.5;1061;1;23;1-2,1-3;12;;9843.9044;9843.9044;9843.9044;;0.0;0.0;eev,integrated,separated,ws
12183444;62;g_000;2;1;60;line_consecutive;0.5;1062;1;24;10-15,15-22;5;53183.285;9843.9044;9843.9044;9843.9044;-43339.3806;0.0;0.0;eev,integrated,separated,ws
12183444;63;g_000;2;1;60;line_consecutive;0.5;1063;1;25;16-17,17-19;2,13;;9843.9044;9843.9044;9843.9044;;0.0;0.0;eev,integrated,separated,ws
12183444;64;g_000;2;1;60;line_consecutive;0.5;1064;1;26;10-15,15-19;9;53797.15000000001;9843.9044;9843.9044;9843.9044;-43953.24560000001;0.0;0.0;eev,integrated,separated,ws
12183444;65;g_000;2;1;60;line_consecutive;0.5;1065;1;27;17-19,19-20;2;67375.08999999998;9843.9044;9843.9044;9843.9044;-57531.18559999998;0.0;0.0;eev,integrated,separated,ws
12183444;66;g_000;2;1;60;line_consecutive;0.5;1066;1;28;5-6,5-9;9;51271.23999999629;9843.9044;9843.9044;9843.9044;-41427.33559999629;0.0;0.0;eev,integrated,separated,ws
12183444;67;g_000;2;1;60;line_consecutive;0.5;1067;1;29;10-17,17-19;14;;9843.9044;9843.9044;9843.9044;;0.0;0.0;eev,integrated,separated,ws
12183444;68;g_000;2;1;60;line_consecutive;0.5;1068;1;30;14-23,23-24;4;56057.27;9843.9044;9843.9044;9843.9044;-46213.3656;0.0;0.0;eev,integrated,separated,ws
12183444;69;g_000;2;1;60;line_consecutive;0.5;1069;1;31;9-10,10-15;9;52547.32999999312;9843.9044;9843.9044;9843.9044;-42703.42559999312;0.0;0.0;eev,integrated,separated,ws
12183444;70;g_000;2;1;60;line_consecutive;0.5;1070;1;32;15-19,15-22;13;54788.175;9843.9044;9843.9044;9843.9044;-44944.2706;0.0;0.0;eev,integrated,separated,ws
12183444;71;g_000;2;1;60;line_consecutive;0.5;1071;1;33;8-16,16-17;2,13;58484.11;9843.9044;9843.9044;9843.9044;-48640.2056;0.0;0.0;eev,integrated,separated,ws
12183444;72;g_000;2;1;60;line_consecutive;0.5;1072;1;34;16-17,17-19;2,13;;9843.9044;9843.9044;9843.9044;;0.0;0.0;eev,integrated,separated,ws
12183444;73;g_000;2;1;60;line_consecutive;0.5;1073;1;35;18-20,20-22;11;51140.24000000472;9843.9044;9843.9044;9843.9044;-41296.33560000472;0.0;0.0;eev,integrated,separated,ws
12183444;74;g_000;2;1;60;line_consecutive;0.5;1074;1;36;8-16,16-17;2,13;58484.11;9843.9044;9843.9044;9843.9044;-48640.2056;0.0;0.0;eev,integrated,separated,ws
12183444;75;g_000;2;1;60;line_consecutive;0.5;1075;1;37;15-22,22-23;5;53420.28499999129;9843.9044;9843.9044;9843.9044;-43576.38059999129;0.0;0.0;eev,integrated,separated,ws
12183444;76;g_000;2;1;60;line_consecutive;0.5;1076;1;38;9-10,10-15;9;52547.32999999312;9843.9044;9843.9044;9843.9044;-42703.42559999312;0.0;0.0;eev,integrated,separated,ws
12183444;77;g_000;2;1;60;line_consecutive;0.5;1077;1;39;13-24,21-24;6;53437.67000000151;9843.9044;9843.9044;9843.9044;-43593.76560000151;0.0;0.0;eev,integrated,separated,ws
12183444;78;g_000;2;1;60;line_consecutive;0.5;1078;1;40;13-24,21-24;6;53437.67000000151;9843.9044;9843.9044;9843.9044;-43593.76560000151;0.0;0.0;eev,integrated,separated,ws
12183444;79;g_000;2;1;60;line_consecutive;0.5;1079;1;41;5-6,5-9;9;51271.23999999629;9843.9044;9843.9044;9843.9044;-41427.33559999629;0.0;0.0;eev,integrated,separated,ws
12183444;80;g_000;2;1;60;line_consecutive;0.5;1080;1;42;15-19,15-22;13;54788.175;9843.9044;9843.9044;9843.9044;-44944.2706;0.0;0.0;eev,integrated,separated,ws
12183444;81;g_000;2;1;60;line_consecutive;0.5;1081;1;43;9-10,10-15;9;52547.32999999312;9843.9044;9843.9044;9843.9044;-42703.42559999312;0.0;0.0;eev,integrated,separated,ws
12183444;82;g_000;2;1;60;line_consecutive;0.5;1082;1;44;4-5,5-9;3;51271.23999999629;9843.9044;9843.9044;9843.9044;-41427.33559999629;0.0;0.0;eev,integrated,separated,ws
12183444;83;g_000;2;1;60;line_consecutive;0.5;1083;1;45;10-11,11-12;1,7;57352.43;9843.9044;9843.9044;9843.9044;-47508.5256;0.0;0.0;eev,integrated,separated,ws
12183444;84;g_000;2;1;60;line_consecutive;0.5;1084;1;46;20-21,21-24;6;53437.6700000025;9843.9044;9843.9044;9843.9044;-43593.7656000025;0.0;0.0;eev,integrated,separated,ws
12183444;85;g_000;2;1;60;line_consecutive;0.5;1085;1;47;10-17,17-19;14;;9843.9044;9843.9044;9843.9044;;0.0;0.0;eev,integrated,separated,ws
12183444;86;g_000;2;1;60;line_consecutive;0.5;1086;1;48;7-8,8-9;3,7;51140.24000000058;9843.9044;9843.9044;9843.9044;-41296.33560000058;0.0;0.0;eev,integrated,separated,ws
12183444;87;g_000;2;1;60;line_consecutive;0.5;1087;1;49;3-4,4-5;3;;9843.9044;9843.9044;9843.9044;;0.0;0.0;eev,integrated,separated,ws
12183444;88;g_000;2;1;60;line_consecutive;0.5;1088;1;50;15-22,22-23;5;53420.28499999129;9843.9044;9843.9044;9843.9044;-43576.38059999129;0.0;0.0;eev,integrated,separated,ws
12183444;89;g_000;2;1;60;line_consecutive;0.5;1089;1;51;15-22,22-23;5;53420.28499999129;9843.9044;9843.9044;9843.9044;-43576.38059999129;0.0;0.0;eev,integrated,separated,ws
12183444;90;g_000;2;1;60;line_consecutive;0.5;1090;1;52;8-16,16-17;2,13;58484.11;9843.9044;9843.9044;9843.9044;-48640.2056;0.0;0.0;eev,integrated,separated,ws
12183444;91;g_000;2;1;60;line_consecutive;0.5;1091;1;53;3-4,4-11;4;;9843.9044;9843.9044;9843.9044;;0.0;0.0;eev,integrated,separated,ws
12183444;92;g_000;2;1;60;line_consecutive;0.5;1092;1;54;1-2,1-3;12;;9843.9044;9843.9044;9843.9044;;0.0;0.0;eev,integrated,separated,ws
12183444;93;g_000;2;1;60;line_consecutive;0.5;1093;1;55;7-8,8-9;3,7;51140.24000000058;9843.9044;9843.9044;9843.9044;-41296.33560000058;0.0;0.0;eev,integrated,separated,ws
12183444;94;g_000;2;1;60;line_consecutive;0.5;1094;1;56;13-24,21-24;6;53437.67000000151;9843.9044;9843.9044;9843.9044;-43593.76560000151;0.0;0.0;eev,integrated,separated,ws
12183444;95;g_000;2;1;60;line_consecutive;0.5;1095;1;57;10-16,16-18;1;53710.72;9843.9044;9843.9044;9843.9044;-43866.8156;0.0;0.0;eev,integrated,separated,ws
12183444;96;g_000;2;1;60;line_consecutive;0.5;1096;1;58;11-12,11-14;8;61008.760000000126;9843.9044;9843.9044;9843.9044;-51164.855600000126;0.0;0.0;eev,integrated,separated,ws
12183444;97;g_000;2;1;60;line_consecutive;0.5;1097;1;59;10-11,11-12;1,7;57352.43;9843.9044;9843.9044;9843.9044;-47508.5256;0.0;0.0;eev,integrated,separated,ws
12183444;98;g_000;3;1;40;line_consecutive;0.5;1098;2;0;4-5,5-9,8-9;3;;9843.9044;9843.9044;9843.9044;;0.0;0.0;eev,integrated,separated,ws
12183444;99;g_000;3;1;40;line_consecutive;0.5;1099;2;1;4-5,5-9,8-9;3;;9843.9044;9843.9044;9843.9044;;0.0;0.0;eev,integrated,separated,ws
12183444;100;g_000;3;1;40;line_consecutive;0.5;1100;2;2;16-17,17-19,19-20;2;;9843.9044;9843.9044;9843.9044;;0.0;0.0;eev,integrated,separated,ws
12183444;101;g_000;3;1;40;line_consecutive;0.5;1101;2;3;7-8,7-18,8-9;3;51140.240000000005;9843.9044;9843.9044;9843.9044;-41296.335600000006;0.0;0.0;eev,integrated,separated,ws
12183444;102;g_000;3;1;40;line_consecutive;0.5;1102;2;4;10-15,15-22,22-23;5;53642.84499999815;9843.9044;9843.9044;9843.9044;-43798.94059999815;0.0;0.0;eev,integrated,separated,ws
12183444;103;g_000;3;1;40;line_consecutive;0.5;1103;2;5;10-17,15-19,17-19;14;;9843.9044;9843.9044;9843.9044;;0.0;0.0;eev,integrated,separated,ws
12183444;104;g_000;3;1;40;line_consecutive;0.5;1104;2;6;13-24,20-21,21-24;6;53437.66999995186;9843.9044;9843.9044;9843.9044;-43593.76559995186;0.0;0.0;eev,integrated,separated,ws
12183444;105;g_000;3;1;40;line_consecutive;0.5;1105;2;7;7-8,8-9,9-10;7;;9843.9044;9843.9044;9843.9044;;0.0;0.0;eev,integrated,separated,ws
12183444;106;g_000;3;1;40;line_consecutive;0.5;1106;2;8;4-11,11-14,14-23;4;57606.66000000001;9843.9044;9843.9044;9843.9044;-47762.75560000001;0.0;0.0;eev,integrated,separated,ws
12183444;107;g_000;3;1;40;line_consecutive;0.5;1107;2;9;4-5,5-9,8-9;3;;9843.9044;9843.9044;9843.9044;;0.0;0.0;eev,integrated,separated,ws
12183444;108;g_000;3;1;40;line_consecutive;0.5;1108;2;10;7-8,7-18,8-9;3;51140.240000000005;9843.9044;9843.9044;9843.9044;-41296.335600000006;0.0;0.0;eev,integrated,separated,ws
12183444;109;g_000;3;1;40;line_consecutive;0.5;1109;2;11;4-11,11-14,14-23;4;57606.66000000001;9843.9044;9843.9044;9843.9044;-47762.75560000001;0.0;0.0;eev,integrated,separated,ws
12183444;110;g_000;3;1;40;line_consecutive;0.5;1110;2;12;2-6,6-8,8-16;2;60145.31500000002;9843.9044;9843.9044;9843.9044;-50301.41060000002;0.0;0.0;eev,integrated,separated,ws
12183444;111;g_000;3;1;40;line_consecutive;0.5;1111;2;13;3-4,4-11,11-14;4;;9843.9044;9843.9044;9843.9044;;0.0;0.0;eev,integrated,separated,ws
12183444;112;g_000;3;1;40;line_consecutive;0.5;1112;2;14;10-15,15-22,22-23;5;53642.84499999815;9843.9044;9843.9044;9843.9044;-43798.94059999815;0.0;0.0;eev,integrated,separated,ws
12183444;113;g_000;3;1;40;line_consecutive;0.5;1113;2;15;10-17,15-19,17-19;14;;9843.9044;9843.9044;9843.9044;;0.0;0.0;eev,integrated,separated,ws
12183444;114;g_000;3;1;40;line_consecutive;0.5;1114;2;16;10-11,10-16,16-18;1;55473.42;9843.9044;9843.9044;9843.9044;-45629.5156;0.0;0.0;eev,integrated,separated,ws
12183444;115;g_000;3;1;40;line_consecutive;0.5;1115;2;17;9-10,10-11,11-12;7;58672.39499677045;9843.9044;9843.9044;9843.9044;-48828.49059677045;0.0;0.0;eev,integrated,separated,ws
12183444;116;g_000;3;1;40;line_consecutive;0.5;1116;2;18;8-16,16-17,17-19;2,13;;9843.9044;9843.9044;9843.9044;;0.0;0.0;eev,integrated,separated,ws
12183444;117;g_000;3;1;40;line_consecutive;0.5;1117;2;19;13-24,20-21,21-24;6;53437.66999995186;9843.9044;9843.9044;9843.9044;-43593.76559995186;0.0;0.0;eev,integrated,separated,ws
12183444;118;g_000;3;1;40;line_consecutive;0.5;1118;2;20;10-11,10-16,11-12;1;57352.42999999842;9843.9044;9843.9044;9843.9044;-47508.52559999842;0.0;0.0;eev,integrated,separated,ws
12183444;119;g_000;3;1;40;line_consecutive;0.5;1119;2;21;7-18,18-20,20-22;11;51140.240000000005;9843.9044;9843.9044;9843.9044;-41296.335600000006;0.0;0.0;eev,integrated,separated,ws
12183444;120;g_000;3;1;40;line_consecutive;0.5;1120;2;22;10-15,15-22,22-23;5;53642.84499999815;9843.9044;9843.9044;9843.9044;-43798.94059999815;0.0;0.0;eev,integrated,separated,ws
12183444;121;g_000;3;1;40;line_consecutive;0.5;1121;2;23;1-3,3-4,4-11;4;;9843.9044;9843.9044;9843.9044;;0.0;0.0;eev,integrated,separated,ws
12183444;122;g_000;3;1;40;line_consecutive;0.5;1122;2;24;5-6,5-9,9-10;9;;9843.9044;9843.9044;9843.9044;;0.0;0.0;eev,integrated,separated,ws
12183444;123;g_000;3;1;40;line_consecutive;0.5;1123;2;25;13-24,20-21,21-24;6;53437.66999995186;9843.9044;9843.9044;9843.9044;-43593.76559995186;0.0;0.0;eev,integrated,separated,ws
12183444;124;g_000;3;1;40;line_consecutive;0.5;1124;2;26;4-11,11-14,14-23;4;57606.66000000001;9843.9044;9843.9044;9843.9044;-47762.75560000001;0.0;0.0;eev,integrated,separated,ws
12183444;125;g_000;3;1;40;line_consecutive;0.5;1125;2;27;6-8,8-16,16-17;2;60068.03000000001;9843.9044;9843.9044;9843.9044;-50224.125600000014;0.0;0.0;eev,integrated,separated,ws
12183444;126;g_000;3;1;40;line_consecutive;0.5;1126;2;28;10-17,15-19,17-19;14;;9843.9044;9843.9044;9843.9044;;0.0;0.0;eev,integrated,separated,ws
12183444;127;g_000;3;1;40;line_consecutive;0.5;1127;2;29;11-14,14-23,23-24;4;57606.66000000001;9843.9044;9843.9044;9843.9044;-47762.75560000001;0.0;0.0;eev,integrated,separated,ws
12183444;128;g_000;3;1;40;line_consecutive;0.5;1128;2;30;3-4,4-5,5-9;3;;9843.9044;9843.9044;9843.9044;;0.0;0.0;eev,integrated,separated,ws
12183444;129;g_000;3;1;40;line_consecutive;0.5;1129;2;31;7-8,7-18,8-9;3;51140.240000000005;9843.9044;9843.9044;9843.9044;-41296.335600000006;0.0;0.0;eev,integrated,separated,ws
12183444;130;g_000;3;1;40;line_consecutive;0.5;1130;2;32;3-4,4-11,11-14;4;;9843.9044;9843.9044;9843.9044;;0.0;0.0;eev,integrated,separated,ws
12183444;131;g_000;3;1;40;line_consecutive;0.5;1131;2;33;6-8,8-16,16-17;2;60068.03000000001;9843.9044;9843.9044;9843.9044;-50224.125600000014;0.0;0.0;eev,integrated,separated,ws
12183444;132;g_000;3;1;40;line_consecutive;0.5;1132;2;34;3-4,4-5,5-9;3;;9843.9044;9843.9044;9843.9044;;0.0;0.0;eev,integrated,separated,ws
12183444;133;g_000;3;1;40;line_consecutive;0.5;1133;2;35;10-11,10-16,11-12;1;57352.42999999842;9843.9044;9843.9044;9843.9044;-47508.52559999842;0.0;0.0;eev,integrated,separated,ws
12183444;134;g_000;3;1;40;line_consecutive;0.5;1134;2;36;2-6,6-8,8-16;2;60145.31500000002;9843.9044;9843.9044;9843.9044;-50301.41060000002;0.0;0.0;eev,integrated,separated,ws
12183444;135;g_000;3;1;40;line_consecutive;0.5;1135;2;37;7-8,8-9,9-10;7;;9843.9044;9843.9044;9843.9044;;0.0;0.0;eev,integrated,separated,ws
12183444;136;g_000;3;1;40;line_consecutive;0.5;1136;2;38;8-16,16-17,17-19;2,13;;9843.9044;9843.9044;9843.9044;;0.0;0.0;eev,integrated,separated,ws
12183444;137;g_000;3;1;40;line_consecutive;0.5;1137;2;39;11-14,14-23,23-24;4;57606.66000000001;9843.9044;9843.9044;9843.9044;-47762.75560000001;0.0;0.0;eev,integrated,separated,ws
12183444;138;g_000;4;1;25;line_consecutive;0.5;1138;3;0;8-9,9-10,10-11,11-12;7;;9843.9044;9843.9044;9843.9044;;0.0;0.0;eev,integrated,separated,ws
12183444;139;g_000;4;1;25;line_consecutive;0.5;1139;3;1;8-9,9-10,10-11,11-12;7;;9843.9044;9843.9044;9843.9044;;0.0;0.0;eev,integrated,separated,ws
12183444;140;g_000;4;1;25;line_consecutive;0.5;1140;3;2;8-16,15-19,16-17,17-19;13;;9843.9044;9843.9044;9843.9044;;0.0;0.0;eev,integrated,separated,ws
12183444;141;g_000;4;1;25;line_consecutive;0.5;1141;3;3;5-9,9-10,10-15,15-19;9;;9843.9044;9843.9044;9843.9044;;0.0;0.0;eev,integrated,separated,ws
12183444;142;g_000;4;1;25;line_consecutive;0.5;1142;3;4;15-19,15-22,16-17,17-19;13;;9843.9044;9843.9044;9843.9044;;0.0;0.0;eev,integrated,separated,ws
12183444;143;g_000;4;1;25;line_consecutive;0.5;1143;3;5;5-9,9-10,10-15,15-19;9;;9843.9044;9843.9044;9843.9044;;0.0;0.0;eev,integrated,separated,ws
12183444;144;g_000;4;1;25;line_consecutive;0.5;1144;3;6;1-3,3-4,4-11,11-14;4;;9843.9044;9843.9044;9843.9044;;0.0;0.0;eev,integrated,separated,ws
12183444;145;g_000;4;1;25;line_consecutive;0.5;1145;3;7;10-11,10-16,11-14,14-23;10;66645.63500000001;9843.9044;9843.9044;9843.9044;-56801.73060000001;0.0;0.0;eev,integrated,separated,ws
12183444;146;g_000;4;1;25;line_consecutive;0.5;1146;3;8;4-5,5-9,7-8,8-9;3;;9843.9044;9843.9044;9843.9044;;0.0;0.0;eev,integrated,separated,ws
12183444;147;g_000;4;1;25;line_consecutive;0.5;1147;3;9;1-2,1-3,3-12,12-13;12;;9843.9044;9843.9044;9843.9044;;0.0;0.0;eev,integrated,separated,ws
12183444;148;g_000;4;1;25;line_consecutive;0.5;1148;3;10;6-8,8-16,16-17,17-19;2;;9843.9044;9843.9044;9843.9044;;0.0;0.0;eev,integrated,separated,ws
12183444;149;g_000;4;1;25;line_consecutive;0.5;1149;3;11;10-17,14-15,15-19,17-19;14;;9843.9044;9843.9044;9843.9044;;0.0;0.0;eev,integrated,separated,ws
12183444;150;g_000;4;1;25;line_consecutive;0.5;1150;3;12;1-2,1-3,3-12,12-13;12;;9843.9044;9843.9044;9843.9044;;0.0;0.0;eev,integrated,separated,ws
12183444;151;g_000;4;1;25;line_consecutive;0.5;1151;3;13;6-8,8-16,16-17,17-19;2;;9843.9044;9843.9044;9843.9044;;0.0;0.0;eev,integrated,separated,ws
12183444;152;g_000;4;1;25;line_consecutive;0.5;1152;3;14;7-8,8-9,9-10,10-11;7;;9843.9044;9843.9044;9843.9044;;0.0;0.0;eev,integrated,separated,ws
12183444;153;g_000;4;1;25;line_consecutive;0.5;1153;3;15;3-4,4-11,11-14,14-23;4;;9843.9044;9843.9044;9843.9044;;0.0;0.0;eev,integrated,separated,ws
12183444;154;g_000;4;1;25;line_consecutive;0.5;1154;3;16;8-16,10-11,10-16,11-14;10;74346.17996590635;9843.9044;9843.9044;9843.9044;-64502.27556590636;0.0;0.0;eev,integrated,separated,ws
12183444;155;g_000;4;1;25;line_consecutive;0.5;1155;3;17;4-5,5-9,7-8,8-9;3;;9843.9044;9843.9044;9843.9044;;0.0;0.0;eev,integrated,separated,ws
12183444;156;g_000;4;1;25;line_consecutive;0.5;1156;3;18;8-9,9-10,10-11,11-12;7;;9843.9044;9843.9044;9843.9044;;0.0;0.0;eev,integrated,separated,ws
12183444;157;g_000;4;1;25;line_consecutive;0.5;1157;3;19;3-4,4-5,5-9,8-9;3;;9843.9044;9843.9044;9843.9044;;0.0;0.0;eev,integrated,separated,ws
12183444;158;g_000;4;1;25;line_consecutive;0.5;1158;3;20;6-8,8-16,16-17,17-19;2;;9843.9044;9843.9044;9843.9044;;0.0;0.0;eev,integrated,separated,ws
12183444;159;g_000;4;1;25;line_consecutive;0.5;1159;3;21;4-11,11-14,14-23,23-24;4;57606.66000000001;9843.9044;9843.9044;9843.9044;-47762.75560000001;0.0;0.0;eev,integrated,separated,ws
12183444;160;g_000;4;1;25;line_consecutive;0.5;1160;3;22;15-19,15-22,16-17,17-19;13;;9843.9044;9843.9044;9843.9044;;0.0;0.0;eev,integrated,separated,ws
12183444;161;g_000;4;1;25;line_consecutive;0.5;1161;3;23;8-16,16-17,17-19,19-20;2;;9843.9044;9843.9044;9843.9044;;0.0;0.0;eev,integrated,separated,ws
12183444;162;g_000;4;1;25;line_consecutive;0.5;1162;3;24;6-8,8-16,16-17,17-19;2;;9843.9044;9843.9044;9843.9044;;0.0;0.0;eev,integrated,separated,ws
12183444;163;g_000;1;2;30;line_consecutive;0.5;1163;4;0;10-11|10-16;1,7,10|1,10;54479.29;9843.9044;9843.9044;9843.9044;-44635.3856;0.0;0.0;eev,integrated,separated,ws
12183444;164;g_000;1;2;30;line_consecutive;0.5;1164;4;1;9-10|14-15;7,9|14;51540.52499999989;9843.9044;9843.9044;9843.9044;-41696.62059999989;0.0;0.0;eev,integrated,separated,ws
12183444;165;g_000;1;2;30;line_consecutive;0.5;1165;4;2;6-8|7-8;2|3,7,11;54204.8325;9843.9044;9843.9044;9843.9044;-44360.9281;0.0;0.0;eev,integrated,separated,ws
12183444;166;g_000;1;2;30;line_consecutive;0.5;1166;4;3;5-9|23-24;3,9|4;52778.97000000001;9843.9044;9843.9044;9843.9044;-42935.06560000001;0.0;0.0;eev,integrated,separated,ws
12183444;167;g_000;1;2;30;line_consecutive;0.5;1167;4;4;8-9|10-11;3,7|1,7,10;53306.83000000001;9843.9044;9843.9044;9843.9044;-43462.92560000001;0.0;0.0;eev,integrated,separated,ws
12183444;168;g_000;1;2;30;line_consecutive;0.5;1168;4;5;19-20|23-24;2|4;55951.50000000001;9843.9044;9843.9044;9843.9044;-46107.59560000001;0.0;0.0;eev,integrated,separated,ws
12183444;169;g_000;1;2;30;line_consecutive;0.5;1169;4;6;13-24|16-17;6|2,13;54936.95499999971;9843.9044;9843.9044;9843.9044;-45093.05059999971;0.0;0.0;eev,integrated,separated,ws
12183444;170;g_000;1;2;30;line_consecutive;0.5;1170;4;7;7-18|21-24;3,11|6;51974.21500000088;9843.9044;9843.9044;9843.9044;-42130.31060000088;0.0;0.0;eev,integrated,separated,ws
12183444;171;g_000;1;2;30;line_consecutive;0.5;1171;4;8;4-11|22-23;4|5;53069.535;9843.9044;9843.9044;9843.9044;-43225.6306;0.0;0.0;eev,integrated,separated,ws
12183444;172;g_000;1;2;30;line_consecutive;0.5;1172;4;9;19-20|3-12;2|8,12;54378.27;9843.9044;9843.9044;9843.9044;-44534.3656;0.0;0.0;eev,integrated,separated,ws
12183444;173;g_000;1;2;30;line_consecutive;0.5;1173;4;10;13-24|20-22;6|11;52288.9549999997;9843.9044;9843.9044;9843.9044;-42445.0505999997;0.0;0.0;eev,integrated,separated,ws
12183444;174;g_000;1;2;30;line_consecutive;0.5;1174;4;11;11-12|3-4;1,7,8|3,4;55435.404999999824;9843.9044;9843.9044;9843.9044;-45591.50059999983;0.0;0.0;eev,integrated,separated,ws
12183444;175;g_000;1;2;30;line_consecutive;0.5;1175;4;12;22-23|11-12;5|1,7,8;53798.865000000005;9843.9044;9843.9044;9843.9044;-43954.960600000006;0.0;0.0;eev,integrated,separated,ws
12183444;176;g_000;1;2;30;line_consecutive;0.5;1176;4;13;14-23|3-12;4,10|8,12;52991.0725;9843.9044;9843.9044;9843.9044;-43147.1681;0.0;0.0;eev,integrated,separated,ws
12183444;177;g_000;1;2;30;line_consecutive;0.5;1177;4;14;20-21|4-11;6|4;53540.54000000001;9843.9044;9843.9044;9843.9044;-43696.63560000001;0.0;0.0;eev,integrated,separated,ws
12183444;178;g_000;1;2;30;line_consecutive;0.5;1178;4;15;3-12|11-14;8,12|4,8,10;53427.935000000005;9843.9044;9843.9044;9843.9044;-43584.030600000006;0.0;0.0;eev,integrated,separated,ws
12183444;179;g_000;1;2;30;line_consecutive;0.5;1179;4;16;1-3|15-19;4,8,12|9,13,14;55062.98499999998;9843.9044;9843.9044;9843.9044;-45219.08059999998;0.0;0.0;eev,integrated,separated,ws
12183444;180;g_000;1;2;30;line_consecutive;0.5;1180;4;17;17-19|19-20;2,13,14|2;58962.4875;9843.9044;9843.9044;9843.9044;-49118.5831;0.0;0.0;eev,integrated,separated,ws
12183444;181;g_000;1;2;30;line_consecutive;0.5;1181;4;18;13-24|7-8;6|3,7,11;52288.9549999997;9843.9044;9843.9044;9843.9044;-42445.0505999997;0.0;0.0;eev,integrated,separated,ws
12183444;182;g_000;1;2;30;line_consecutive;0.5;1182;4;19;10-17|3-12;14|8,12;51223.87;9843.9044;9843.9044;9843.9044;-41379.9656;0.0;0.0;eev,integrated,separated,ws
12183444;183;g_000;1;2;30;line_consecutive;0.5;1183;4;20;21-22|14-23;13|4,10;53122.0325;9843.9044;9843.9044;9843.9044;-43278.1281;0.0;0.0;eev,integrated,separated,ws
12183444;184;g_000;1;2;30;line_consecutive;0.5;1184;4;21;3-4|23-24;3,4|4;54676.07999999983;9843.9044;9843.9044;9843.9044;-44832.17559999983;0.0;0.0;eev,integrated,separated,ws
12183444;185;g_000;1;2;30;line_consecutive;0.5;1185;4;22;10-17|2-6;14|2;55114.5275;9843.9044;9843.9044;9843.9044;-45270.6231;0.0;0.0;eev,integrated,separated,ws
12183444;186;g_000;1;2;30;line_consecutive;0.5;1186;4;23;4-5|11-12;3|1,7,8;53472.79500000009;9843.9044;9843.9044;9843.9044;-43628.89060000009;0.0;0.0;eev,integrated,separated,ws
12183444;187;g_000;1;2;30;line_consecutive;0.5;1187;4;24;13-24|4-11;6|4;53892.1799999997;9843.9044;9843.9044;9843.9044;-44048.2755999997;0.0;0.0;eev,integrated,separated,ws
12183444;188;g_000;1;2;30;line_consecutive;0.5;1188;4;25;1-3|6-8;4,8,12|2;57832.52249999998;9843.9044;9843.9044;9843.9044;-47988.61809999998;0.0;0.0;eev,integrated,separated,ws
12183444;189;g_000;1;2;30;line_consecutive;0.5;1189;4;26;19-20|5-9;2|3,9;54443.77;9843.9044;9843.9044;9843.9044;-44599.8656;0.0;0.0;eev,integrated,separated,ws
12183444;190;g_000;1;2;30;line_consecutive;0.5;1190;4;27;5-9|3-12;3,9|8,12;51205.740000000005;9843.9044;9843.9044;9843.9044;-41361.835600000006;0.0;0.0;eev,integrated,separated,ws
12183444;191;g_000;1;2;30;line_consecutive;0.5;1191;4;28;2-6|7-18;2|3,11;55030.89750000098;9843.9044;9843.9044;9843.9044;-45186.99310000098;0.0;0.0;eev,integrated,separated,ws
12183444;192;g_000;1;2;30;line_consecutive;0.5;1192;4;29;20-21|1-3;6|4,8,12;55565.004999999976;9843.9044;9843.9044;9843.9044;-45721.100599999976;0.0;0.0;eev,integrated,separated,ws
12183444;193;g_000;1;3;20;line_consecutive;0.5;1193;5;0;14-15|7-18|5-6;14|3,11|9;51239.66000000053;9843.904399999996;9843.9044;9843.9044;-41395.75560000053;3.637978807091713e-12;3.637978807091713e-12;eev,integrated,separated,ws
12183444;194;g_000;1;3;20;line_consecutive;0.5;1194;5;1;17-19|20-22|14-15;2,13,14|11|14;54252.13833333322;9843.904399999998;9843.9044;9843.9044;-44408.23393333322;1.8189894035458565e-12;1.8189894035458565e-12;eev,integrated,separated,ws
12183444;195;g_000;1;3;20;line_consecutive;0.5;1195;5;2;10-11|4-11|18-20;1,7,10|4|11;53653.44999996771;9843.904399999996;9843.9044;9843.9044;-43809.54559996771;3.637978807091713e-12;3.637978807091713e-12;eev,integrated,separated,ws
12183444;196;g_000;1;3;20;line_consecutive;0.5;1196;5;3;11-12|17-19|19-20;1,7,8|2,13,14|2;57910.10833333332;9843.904399999996;9843.9044;9843.9044;-48066.20393333332;3.637978807091713e-12;3.637978807091713e-12;eev,integrated,separated,ws
12183444;197;g_000;1;3;20;line_consecutive;0.5;1197;5;4;1-3|22-23|2-6;4,8,12|5|2;56369.85166666664;9843.904399999996;9843.9044;9843.9044;-46525.94726666664;3.637978807091713e-12;3.637978807091713e-12;eev,integrated,separated,ws
12183444;198;g_000;1;3;20;line_consecutive;0.5;1198;5;5;5-6|10-15|6-8;9|5,9|2;53530.16666666666;9843.904399999994;9843.9044;9843.9044;-43686.262266666665;5.4569682106375694e-12;5.4569682106375694e-12;eev,integrated,separated,ws
12183444;199;g_000;1;3;20;line_consecutive;0.5;1199;5;6;10-15|1-2|7-18;5,9|12|3,11;51443.43833333401;9843.904399999996;9843.9044;9843.9044;-41599.53393333401;3.637978807091713e-12;3.637978807091713e-12;eev,integrated,separated,ws
12183444;200;g_000;1;3;20;line_consecutive;0.5;1200;5;7;3-12|6-8|11-12;8,12|2|1,7,8;54738.338333333326;9843.904399999996;9843.9044;9843.9044;-44894.43393333333;3.637978807091713e-12;3.637978807091713e-12;eev,integrated,separated,ws
12183444;201;g_000;1;3;20;line_consecutive;0.5;1201;5;8;13-24|22-23|9-10;6|5|7,9;52334.53333333316;9843.904399999996;9843.9044;9843.9044;-42490.628933333166;3.637978807091713e-12;3.637978807091713e-12;eev,integrated,separated,ws
12183444;202;g_000;1;3;20;line_consecutive;0.5;1202;5;9;10-17|9-10|21-24;14|7,9|6;51963.07999999997;9843.904399999996;9843.9044;9843.9044;-42119.17559999997;3.637978807091713e-12;3.637978807091713e-12;eev,integrated,separated,ws
12183444;203;g_000;1;3;20;line_consecutive;0.5;1203;5;10;21-22|5-9|2-6;13|3,9|2;53864.98499999999;9843.904399999996;9843.9044;9843.9044;-44021.0806;3.637978807091713e-12;3.637978807091713e-12;eev,integrated,separated,ws
12183444;204;g_000;1;3;20;line_consecutive;0.5;1204;5;11;3-12|17-19|14-15;8,12|2,13,14|14;54252.138333333205;9843.904399999996;9843.9044;9843.9044;-44408.233933333206;3.637978807091713e-12;3.637978807091713e-12;eev,integrated,separated,ws
12183444;205;g_000;1;3;20;line_consecutive;0.5;1205;5;12;1-3|23-24|5-6;4,8,12|4|9;54651.18666666664;9843.904399999996;9843.9044;9843.9044;-44807.28226666665;3.637978807091713e-12;3.637978807091713e-12;eev,integrated,separated,ws
12183444;206;g_000;1;3;20;line_consecutive;0.5;1206;5;13;13-24|1-3|12-13;6|4,8,12|12;54324.50999999977;9843.904399999996;9843.9044;9843.9044;-44480.60559999978;3.637978807091713e-12;3.637978807091713e-12;eev,integrated,separated,ws
12183444;207;g_000;1;3;20;line_consecutive;0.5;1207;5;14;16-17|20-21|2-6;2,13|6|2;56030.728333333325;9843.904399999996;9843.9044;9843.9044;-46186.82393333333;3.637978807091713e-12;3.637978807091713e-12;eev,integrated,separated,ws
12183444;208;g_000;1;3;20;line_consecutive;0.5;1208;5;15;15-19|4-5|10-11;9,13,14|3|1,7,10;52781.33666666673;9843.904399999996;9843.9044;9843.9044;-42937.43226666673;3.637978807091713e-12;3.637978807091713e-12;eev,integrated,separated,ws
12183444;209;g_000;1;3;20;line_consecutive;0.5;1209;5;16;12-13|15-22|11-12;12|5,13|1,7,8;53332.29999999999;9843.904399999996;9843.9044;9843.9044;-43488.39559999999;3.637978807091713e-12;3.637978807091713e-12;eev,integrated,separated,ws
12183444;210;g_000;1;3;20;line_consecutive;0.5;1210;5;17;20-21|15-19|10-15;6|9,13,14|5,9;52171.525;9843.904399999994;9843.9044;9843.9044;-42327.62060000001;5.4569682106375694e-12;5.4569682106375694e-12;eev,integrated,separated,ws
12183444;211;g_000;1;3;20;line_consecutive;0.5;1211;5;18;10-11|11-12|17-19;1,7,10|1,7,8|2,13,14;57195.815;9843.904399999996;9843.9044;9843.9044;-47351.9106;3.637978807091713e-12;3.637978807091713e-12;eev,integrated,separated,ws
12183444;212;g_000;1;3;20;line_consecutive;0.5;1212;5;19;16-18|10-17|11-14;1|14|4,8,10;53257.26999999999;9843.904399999996;9843.9044;9843.9044;-43413.36559999999;3.637978807091713e-12;3.637978807091713e-12;eev,integrated,separated,ws
12183444;213;g_000;2;2;20;line_consecutive;0.5;1213;6;0;15-19,15-22|10-17,17-19;13|14;;9843.9044;9843.9044;9843.9044;;0.0;0.0;eev,integrated,separated,ws
12183444;214;g_000;2;2;20;line_consecutive;0.5;1214;6;1;5-6,5-9|7-8,8-9;9|3,7;51205.73999999843;9843.9044;9843.9044;9843.9044;-41361.835599998434;0.0;0.0;eev,integrated,separated,ws
12183444;215;g_000;2;2;20;line_consecutive;0.5;1215;6;2;7-8,7-18|4-11,11-14;3,11|4;54060.09;9843.9044;9843.9044;9843.9044;-44216.1856;0.0;0.0;eev,integrated,separated,ws
12183444;216;g_000;2;2;20;line_consecutive;0.5;1216;6;3;10-11,11-12|3-4,4-11;1,7|4;;9843.9044;9843.9044;9843.9044;;0.0;0.0;eev,integrated,separated,ws
12183444;217;g_000;2;2;20;line_consecutive;0.5;1217;6;4;15-22,22-23|7-18,18-20;5|11;52280.262499995646;9843.9044;9843.9044;9843.9044;-42436.35809999565;0.0;0.0;eev,integrated,separated,ws
12183444;218;g_000;2;2;20;line_consecutive;0.5;1218;6;5;10-11,11-12|1-3,3-4;1,7|4;58667.845;9843.9044;9843.9044;9843.9044;-48823.9406;0.0;0.0;eev,integrated,separated,ws
12183444;219;g_000;2;2;20;line_consecutive;0.5;1219;6;6;5-9,8-9|4-5,5-9;3|3;;9843.9044;9843.9044;9843.9044;;0.0;0.0;eev,integrated,separated,ws
12183444;220;g_000;2;2;20;line_consecutive;0.5;1220;6;7;7-18,18-20|5-6,5-9;11|9;51205.73999999815;9843.9044;9843.9044;9843.9044;-41361.83559999815;0.0;0.0;eev,integrated,separated,ws
12183444;221;g_000;2;2;20;line_consecutive;0.5;1221;6;8;10-11,11-12|5-6,5-9;1,7|9;54311.834999998144;9843.9044;9843.9044;9843.9044;-44467.930599998144;0.0;0.0;eev,integrated,separated,ws
12183444;222;g_000;2;2;20;line_consecutive;0.5;1222;6;9;3-12,11-12|7-8,7-18;8|3,11;58130.310000000005;9843.9044;9843.9044;9843.9044;-48286.405600000006;0.0;0.0;eev,integrated,separated,ws
12183444;223;g_000;2;2;20;line_consecutive;0.5;1223;6;10;9-10,10-11|7-18,18-20;7|11;53927.9075;9843.9044;9843.9044;9843.9044;-44084.0031;0.0;0.0;eev,integrated,separated,ws
12183444;224;g_000;2;2;20;line_consecutive;0.5;1224;6;11;5-6,5-9|11-14,14-23;9|4,10;54287.522499998144;9843.9044;9843.9044;9843.9044;-44443.618099998144;0.0;0.0;eev,integrated,separated,ws
12183444;225;g_000;2;2;20;line_consecutive;0.5;1225;6;12;8-16,10-16|10-15,15-19;10|9;56956.715;9843.9044;9843.9044;9843.9044;-47112.8106;0.0;0.0;eev,integrated,separated,ws
12183444;226;g_000;2;2;20;line_consecutive;0.5;1226;6;13;1-3,3-12|10-11,11-14;8,12|10;61518.40500000001;9843.9044;9843.9044;9843.9044;-51674.500600000014;0.0;0.0;eev,integrated,separated,ws
12183444;227;g_000;2;2;20;line_consecutive;0.5;1227;6;14;3-12,12-13|4-11,11-14;12|4;54060.08999999833;9843.9044;9843.9044;9843.9044;-44216.18559999833;0.0;0.0;eev,integrated,separated,ws
12183444;228;g_000;2;2;20;line_consecutive;0.5;1228;6;15;10-15,15-22|10-11,11-14;5|10;58912.23750000001;9843.9044;9843.9044;9843.9044;-49068.33310000001;0.0;0.0;eev,integrated,separated,ws
12183444;229;g_000;2;2;20;line_consecutive;0.5;1229;6;16;14-23,23-24|10-11,11-12;4|1,7;56704.850000000006;9843.9044;9843.9044;9843.9044;-46860.94560000001;0.0;0.0;eev,integrated,separated,ws
12183444;230;g_000;2;2;20;line_consecutive;0.5;1230;6;17;5-9,8-9|10-11,11-12;3|1,7;;9843.9044;9843.9044;9843.9044;;0.0;0.0;eev,integrated,separated,ws
12183444;231;g_000;2;2;20;line_consecutive;0.5;1231;6;18;7-8,8-9|20-21,21-24;3,7|6;52288.95500000154;9843.9044;9843.9044;9843.9044;-42445.05060000154;0.0;0.0;eev,integrated,separated,ws
12183444;232;g_000;2;2;20;line_consecutive;0.5;1232;6;19;3-12,11-12|2-6,6-8;8|2;62020.9675;9843.9044;9843.9044;9843.9044;-52177.0631;0.0;0.0;eev,integrated,separated,ws
