variant;num_od;case_id;runtime_s
flat (waiting_freq=False);10;1000;12.611307382583618
flat (waiting_freq=False);10;1001;20.629577159881592
flat (waiting_freq=False);10;1002;58.2896409034729
flat (waiting_freq=False);10;1003;9.828927040100098
flat (waiting_freq=False);10;1004;89.12498092651367
flat (waiting_freq=False);25;1005;49.89893388748169
flat (waiting_freq=False);25;1006;93.87625622749329
flat (waiting_freq=False);25;1007;228.76134371757507
flat (waiting_freq=False);25;1008;71.87234830856323
flat (waiting_freq=False);25;1009;40.478076219558716
flat (waiting_freq=False);50;1010;187.77118492126465
flat (waiting_freq=False);50;1011;206.05923676490784
flat (waiting_freq=False);50;1012;201.57188510894775
flat (waiting_freq=False);50;1013;217.12207317352295
flat (waiting_freq=False);50;1014;94.55397367477417
flat (waiting_freq=False);75;1015;162.048419713974
flat (waiting_freq=False);75;1016;325.0666959285736
flat (waiting_freq=False);75;1017;162.1593210697174
flat (waiting_freq=False);75;1018;152.0842056274414
flat (waiting_freq=False);75;1019;143.14129996299744
flat (waiting_freq=False);100;1020;970.152015209198
flat (waiting_freq=False);100;1021;489.697897195816
flat (waiting_freq=False);100;1022;338.2521562576294
flat (waiting_freq=False);100;1023;175.2451686859131
flat (waiting_freq=False);100;1024;346.91500997543335
flat (waiting_freq=False);150;1025;400.04584407806396
flat (waiting_freq=False);150;1026;572.9581496715546
flat (waiting_freq=False);150;1027;432.7607047557831
flat (waiting_freq=False);150;1028;1039.981153011322
flat (waiting_freq=False);150;1029;353.7104425430298
flat (waiting_freq=False);200;1030;865.0561258792877
flat (waiting_freq=False);200;1031;572.2302393913269
flat (waiting_freq=False);200;1032;694.860493183136
flat (waiting_freq=False);200;1033;769.2073268890381
flat (waiting_freq=False);200;1034;2827.986454963684
flat (waiting_freq=False);250;1035;890.2781970500946
flat (waiting_freq=False);250;1036;592.4348132610321
flat (waiting_freq=False);250;1037;4030.0454828739166
flat (waiting_freq=False);250;1038;911.5096764564514
flat (waiting_freq=False);250;1039;1856.0555708408356
flat (waiting_freq=False);300;1040;739.2338330745697
flat (waiting_freq=False);300;1041;670.823472738266
flat (waiting_freq=False);300;1042;1904.0703551769257
flat (waiting_freq=False);300;1043;1211.2336971759796
flat (waiting_freq=False);300;1044;8641.558328151703
flat (waiting_freq=False);350;1045;1075.2866606712341
flat (waiting_freq=False);350;1046;976.830139875412
flat (waiting_freq=False);350;1047;1843.2684750556946
flat (waiting_freq=False);350;1048;1328.3374705314636
flat (waiting_freq=False);350;1049;1145.1986882686615
flat (waiting_freq=False);400;1050;1996.4179260730743
flat (waiting_freq=False);400;1051;1242.674195766449
flat (waiting_freq=False);400;1052;14292.528039693832
flat (waiting_freq=False);400;1053;1352.6108212471008
flat (waiting_freq=False);400;1054;992.8100259304047
flat (waiting_freq=False);450;1055;12008.658800125122
flat (waiting_freq=False);450;1056;1078.3657071590424
flat (waiting_freq=False);450;1057;1563.5927782058716
flat (waiting_freq=False);450;1058;926.4794881343842
flat (waiting_freq=False);450;1059;1117.565701007843
flat (waiting_freq=False);500;1060;1146.1935060024261
flat (waiting_freq=False);500;1061;970.8892502784729
flat (waiting_freq=False);500;1062;1392.159928560257
flat (waiting_freq=False);500;1063;2125.597486257553
flat (waiting_freq=False);500;1064;1255.4038546085358
flat (waiting_freq=False);550;1065;1913.310397386551
flat (waiting_freq=False);550;1066;1286.5399923324585
flat (waiting_freq=False);550;1067;714.0252811908722
flat (waiting_freq=False);550;1068;9850.575288057327
flat (waiting_freq=False);550;1069;2263.644357442856
freqdep (waiting_freq=True);10;1000;146.76346254348755
freqdep (waiting_freq=True);10;1001;338.33411026000977
freqdep (waiting_freq=True);10;1002;1574.35435795784
freqdep (waiting_freq=True);10;1003;75.96100568771362
freqdep (waiting_freq=True);10;1004;2192.400354385376
freqdep (waiting_freq=True);25;1005;661.903799533844
freqdep (waiting_freq=True);25;1006;7290.521521568299
freqdep (waiting_freq=True);25;1007;17331.40483880043
freqdep (waiting_freq=True);25;1008;1355.3751316070557
freqdep (waiting_freq=True);25;1009;964.0374059677124
freqdep (waiting_freq=True);50;1010;17597.160365581512
freqdep (waiting_freq=True);50;1011;16019.23887515068
freqdep (waiting_freq=True);50;1012;14683.3756377697
freqdep (waiting_freq=True);50;1013;13659.766805410385
freqdep (waiting_freq=True);50;1014;10328.29293012619
freqdep (waiting_freq=True);75;1015;20326.415075063705
freqdep (waiting_freq=True);75;1016;20211.065066099167
freqdep (waiting_freq=True);75;1017;18817.78576374054
freqdep (waiting_freq=True);75;1018;18610.670829296112
freqdep (waiting_freq=True);75;1019;18370.38746905327
freqdep (waiting_freq=True);100;1020;30329.386238098145
freqdep (waiting_freq=True);100;1021;30457.82816696167
freqdep (waiting_freq=True);100;1022;24688.655339956284
freqdep (waiting_freq=True);100;1023;16252.821264743805
freqdep (waiting_freq=True);100;1024;26788.69766497612
freqdep (waiting_freq=True);150;1025;19344.214177131653
freqdep (waiting_freq=True);150;1026;22751.155004501343
freqdep (waiting_freq=True);150;1027;19038.073603630066
freqdep (waiting_freq=True);150;1028;30600.313574552536
freqdep (waiting_freq=True);150;1029;18848.254660844803
freqdep (waiting_freq=True);200;1030;31117.773473739624
freqdep (waiting_freq=True);200;1031;22394.21782541275
freqdep (waiting_freq=True);200;1032;31118.72988009453
freqdep (waiting_freq=True);200;1033;25730.28017282486
freqdep (waiting_freq=True);200;1034;30957.43282532692
freqdep (waiting_freq=True);250;1035;25818.176543712616
freqdep (waiting_freq=True);250;1036;18964.807077646255
freqdep (waiting_freq=True);250;1037;30622.273805856705
freqdep (waiting_freq=True);250;1038;24991.015495300293
freqdep (waiting_freq=True);250;1039;30580.92822575569
freqdep (waiting_freq=True);300;1040;19483.649746894836
freqdep (waiting_freq=True);300;1041;24174.856456518173
freqdep (waiting_freq=True);300;1042;30706.744760274887
freqdep (waiting_freq=True);300;1043;30759.9041121006
freqdep (waiting_freq=True);300;1044;30489.95165991783
freqdep (waiting_freq=True);350;1045;28883.047484874725
freqdep (waiting_freq=True);350;1046;30692.563934326172
freqdep (waiting_freq=True);350;1047;30805.114918231964
freqdep (waiting_freq=True);350;1048;30742.965298891068
freqdep (waiting_freq=True);350;1049;21892.121446847916
freqdep (waiting_freq=True);400;1050;30825.136836767197
freqdep (waiting_freq=True);400;1051;22864.256534814835
freqdep (waiting_freq=True);400;1052;30735.33671784401
freqdep (waiting_freq=True);400;1053;28938.429748535156
freqdep (waiting_freq=True);400;1054;20072.25952744484
freqdep (waiting_freq=True);450;1055;30882.174281835556
freqdep (waiting_freq=True);450;1056;27144.778584718704
freqdep (waiting_freq=True);450;1057;31077.826267957687
freqdep (waiting_freq=True);450;1058;19925.83385014534
freqdep (waiting_freq=True);450;1059;24540.812596082687
freqdep (waiting_freq=True);500;1060;20470.909727811813
freqdep (waiting_freq=True);500;1061;19481.193954229355
freqdep (waiting_freq=True);500;1062;23372.7207403183
freqdep (waiting_freq=True);500;1063;30877.627992868423
freqdep (waiting_freq=True);500;1064;25926.16928267479
freqdep (waiting_freq=True);550;1065;31265.069322824478
freqdep (waiting_freq=True);550;1066;31175.70829129219
freqdep (waiting_freq=True);550;1067;18601.88436293602
freqdep (waiting_freq=True);550;1068;31053.778698921207
freqdep (waiting_freq=True);550;1069;30245.920382261276
