network;sweep;n;VSS_RP_mean_pct;VSS_RP_median_pct;EVPI_RP_mean_pct;EVPI_RP_median_pct;RP_median;WS_median;EEV_nom_median;case_k;case_per_run;case_selection;bypass_multiplier;overdemand_threshold;overdemand_multiplier;case_p_fail;cost_repl_freq;cost_repl_line
sf;main;30;0.568;0.502;1.025;0.914;158682.0;156510.0;160024.0;1;1.0;line_all;;;;;;
sf;main;38;0.466;0.274;0.715;0.665;148141.0;146309.0;149114.0;1;1.0;line_consecutive;;;;;;
sf;main;30;0.462;0.41;0.875;0.763;149358.0;147869.0;150643.0;1;1.0;random;;;;;;
sf;main;30;0.463;0.425;0.897;0.909;153496.0;151828.0;155649.0;1;1.0;share_stop;;;;;;
sf;main;30;0.424;0.366;1.018;0.914;162234.0;160034.0;163666.0;1;2.0;line_consecutive;;;;;;
sf;main;30;0.354;0.185;0.645;0.551;145165.0;144306.0;145578.0;1;3.0;line_consecutive;;;;;;
sf;main;30;0.5;0.446;1.029;1.08;158565.0;155914.0;159392.0;1;5.0;line_consecutive;;;;;;
sf;main;30;0.289;0.185;0.726;0.511;144977.0;144143.0;145099.0;1;8.0;line_consecutive;;;;;;
sf;main;30;0.539;0.435;0.834;0.763;151554.0;149897.0;152587.0;2;1.0;line_all;;;;;;
sf;main;42;0.603;0.505;1.085;0.984;153860.0;152145.0;155649.0;2;1.0;line_consecutive;;;;;;
sf;main;30;0.554;0.459;0.917;0.753;149535.0;147822.0;151782.0;2;1.0;random;;;;;;
sf;main;30;0.508;0.434;0.961;0.914;153918.0;152097.0;155207.0;2;1.0;share_stop;;;;;;
sf;main;30;0.588;0.574;0.938;0.763;150008.0;149026.0;152306.0;3;1.0;line_all;;;;;;
sf;main;36;0.356;0.431;0.715;0.746;146942.0;145818.0;147407.0;3;1.0;line_consecutive;;;;;;
sf;main;30;0.474;0.481;0.791;0.746;147090.0;145993.0;147999.0;3;1.0;random;;;;;;
sf;main;30;0.447;0.269;0.755;0.763;151832.0;150092.0;153194.0;3;1.0;share_stop;;;;;;
sf;main;23;0.526;0.54;0.789;0.616;146727.0;145630.0;147656.0;4;1.0;line_consecutive;;;;;;
sf;bypass;30;0.336;0.348;0.48;0.455;131830.0;131625.0;131899.0;1;;;10.0;;;;;
sf;bypass;30;0.486;0.298;0.485;0.275;138868.0;138417.0;139049.0;1;;;20.0;;;;;
sf;bypass;30;0.417;0.172;0.727;0.57;145951.0;144991.0;146708.0;1;;;50.0;;;;;
sf;bypass;30;0.45;0.143;0.887;0.798;148151.0;146526.0;148754.0;1;;;100.0;;;;;
sf;bypass;30;0.646;0.369;1.248;1.227;150787.0;148390.0;152341.0;1;;;200.0;;;;;
sf;bypass;30;0.478;0.45;0.686;0.56;138294.0;136231.0;139611.0;2;;;10.0;;;;;
sf;bypass;30;0.464;0.485;0.573;0.499;143842.0;143220.0;144210.0;2;;;20.0;;;;;
sf;bypass;30;0.52;0.495;0.996;0.922;162234.0;160245.0;163666.0;2;;;50.0;;;;;
sf;bypass;30;0.509;0.365;1.363;1.348;163998.0;161782.0;166066.0;2;;;100.0;;;;;
sf;bypass;30;0.74;0.684;1.405;1.133;167754.0;163325.0;168417.0;2;;;200.0;;;;;
sf;overdemand;30;0.396;0.313;0.68;0.639;138309.0;137016.0;138744.0;1;;;;0.5;1.0;;;
sf;overdemand;30;0.587;0.597;0.57;0.504;161241.0;160422.0;162372.0;1;;;;0.5;2.0;;;
sf;overdemand;30;0.397;0.296;0.487;0.52;215457.0;214058.0;215840.0;1;;;;0.5;5.0;;;
sf;overdemand;30;0.366;0.313;0.712;0.639;137806.0;136769.0;138590.0;1;;;;0.75;1.0;;;
sf;overdemand;30;0.43;0.161;0.772;0.591;145165.0;144306.0;145578.0;1;;;;0.75;2.0;;;
sf;overdemand;30;0.657;0.677;0.573;0.615;165737.0;164338.0;166819.0;1;;;;0.75;5.0;;;
sf;overdemand;30;0.433;0.397;0.725;0.675;138309.0;137016.0;138990.0;1;;;;1.0;1.0;;;
sf;overdemand;30;0.433;0.313;0.642;0.535;138086.0;136852.0;138410.0;1;;;;1.0;2.0;;;
sf;overdemand;30;0.435;0.341;0.703;0.639;137583.0;136605.0;138255.0;1;;;;1.0;5.0;;;
sf;overdemand;30;0.611;0.507;1.175;1.193;149760.0;147630.0;150007.0;2;;;;0.5;1.0;;;
sf;overdemand;30;0.636;0.603;0.739;0.703;169742.0;168165.0;170570.0;2;;;;0.5;2.0;;;
sf;overdemand;30;0.491;0.427;0.544;0.601;236153.0;234801.0;237962.0;2;;;;0.5;5.0;;;
sf;overdemand;30;0.589;0.571;1.09;1.113;153090.0;150681.0;154220.0;2;;;;0.75;1.0;;;
sf;overdemand;30;0.587;0.526;1.058;0.922;162234.0;160245.0;163666.0;2;;;;0.75;2.0;;;
sf;overdemand;30;0.839;0.89;0.726;0.754;181414.0;179785.0;183733.0;2;;;;0.75;5.0;;;
sf;overdemand;30;0.66;0.676;1.135;1.145;153827.0;152166.0;155849.0;2;;;;1.0;1.0;;;
sf;overdemand;30;0.616;0.602;1.032;1.031;149463.0;147526.0;150007.0;2;;;;1.0;2.0;;;
sf;overdemand;30;0.455;0.346;1.042;1.161;146692.0;144695.0;146716.0;2;;;;1.0;5.0;;;
sf;pfail;30;0.394;0.161;0.646;0.57;145165.0;144306.0;145578.0;1;;;;;;0.05;;
sf;pfail;30;0.496;0.172;0.741;0.594;145951.0;144991.0;146708.0;1;;;;;;0.1;;
sf;pfail;30;0.417;0.172;0.727;0.57;145951.0;144991.0;146708.0;1;;;;;;0.2;;
sf;pfail;30;0.346;0.15;0.701;0.551;144977.0;144143.0;145229.0;1;;;;;;0.3;;
sf;pfail;30;0.43;0.161;0.772;0.591;145165.0;144306.0;145578.0;1;;;;;;0.4;;
sf;pfail;30;0.48;0.225;0.746;0.665;147778.0;145946.0;148771.0;1;;;;;;0.5;;
sf;pfail;30;0.395;0.161;0.656;0.551;145165.0;144306.0;145578.0;1;;;;;;0.6;;
sf;pfail;30;0.429;0.15;0.609;0.511;144988.0;144189.0;145280.0;1;;;;;;0.7;;
sf;pfail;30;0.431;0.161;0.712;0.554;144801.0;144026.0;144931.0;1;;;;;;0.8;;
sf;pfail;30;1.679;1.553;0.218;0.218;150759.0;150435.0;152725.0;1;;;;;;0.9;;
sf;pfail;30;1.865;1.671;0.113;0.11;151143.0;150980.0;153299.0;1;;;;;;0.95;;
sf;pfail;30;0.591;0.54;1.119;1.097;157520.0;155571.0;158403.0;2;;;;;;0.05;;
sf;pfail;30;0.421;0.463;0.938;0.922;154334.0;152641.0;154916.0;2;;;;;;0.1;;
sf;pfail;30;0.52;0.495;0.996;0.922;162234.0;160245.0;163666.0;2;;;;;;0.2;;
sf;pfail;30;0.501;0.463;1.056;1.048;161125.0;159132.0;162407.0;2;;;;;;0.3;;
sf;pfail;30;0.587;0.526;1.058;0.922;162234.0;160245.0;163666.0;2;;;;;;0.4;;
sf;pfail;30;0.545;0.526;1.085;1.048;162906.0;160245.0;163666.0;2;;;;;;0.5;;
sf;pfail;30;0.579;0.505;1.105;1.065;162906.0;160691.0;164541.0;2;;;;;;0.6;;
sf;pfail;30;0.56;0.513;1.037;0.914;157371.0;155401.0;158403.0;2;;;;;;0.7;;
sf;pfail;30;0.481;0.481;0.934;0.922;154334.0;152641.0;154916.0;2;;;;;;0.8;;
sf;pfail;30;2.266;2.225;0.281;0.255;183312.0;182510.0;189241.0;2;;;;;;0.9;;
sf;pfail;30;2.473;2.091;0.088;0.151;166870.0;166453.0;171819.0;2;;;;;;0.95;;
sf;replcost;30;0.014;0.0;0.055;0.029;141793.0;141775.0;141799.0;1;;;;;;;10.0;50.0
sf;replcost;30;0.021;0.0;0.048;0.023;144318.0;144158.0;144404.0;1;;;;;;;10.0;500.0
sf;replcost;30;0.017;0.0;0.036;0.023;146026.0;146026.0;146026.0;1;;;;;;;10.0;5000.0
sf;replcost;30;1.136;0.507;1.209;1.219;144301.0;142532.0;145262.0;1;;;;;;;100.0;50.0
sf;replcost;30;1.683;1.586;1.71;1.827;148419.0;145902.0;150490.0;1;;;;;;;100.0;500.0
sf;replcost;30;2.134;2.287;2.432;2.232;152306.0;148658.0;157975.0;1;;;;;;;100.0;5000.0
sf;replcost;30;20.321;17.447;3.524;3.626;149568.0;144104.0;183135.0;1;;;;;;;1000.0;50.0
sf;replcost;30;16.041;14.753;4.11;3.316;154684.0;146454.0;175635.0;1;;;;;;;1000.0;500.0
sf;replcost;30;21.024;20.696;6.713;6.051;156607.0;146662.0;184171.0;1;;;;;;;1000.0;5000.0
sf;replcost;30;0.015;0.0;0.058;0.03;147326.0;147140.0;147337.0;2;;;;;;;10.0;50.0
sf;replcost;30;0.028;0.0;0.045;0.023;152898.0;152779.0;152898.0;2;;;;;;;10.0;500.0
sf;replcost;30;0.028;0.0;0.037;0.0;166260.0;166260.0;166345.0;2;;;;;;;10.0;5000.0
sf;replcost;30;1.583;0.984;1.854;2.082;155819.0;152777.0;158592.0;2;;;;;;;100.0;50.0
sf;replcost;30;1.959;2.092;2.441;2.432;175477.0;169368.0;179733.0;2;;;;;;;100.0;500.0
sf;replcost;30;2.365;2.284;3.021;2.96;180172.0;174160.0;184439.0;2;;;;;;;100.0;5000.0
sf;replcost;30;28.84;30.019;5.643;5.032;166297.0;155133.0;208448.0;2;;;;;;;1000.0;50.0
sf;replcost;30;25.137;29.299;6.745;6.931;181654.0;166146.0;231739.0;2;;;;;;;1000.0;500.0
sf;replcost;30;24.012;25.571;9.142;9.461;189502.0;169059.0;240284.0;2;;;;;;;1000.0;5000.0
mumford0;main;30;0.473;0.0;0.512;0.0;112556.0;111879.0;112944.0;1;1.0;line_all;;;;;;
mumford0;main;36;0.462;0.0;0.442;0.0;111449.0;110674.0;111846.0;1;1.0;line_consecutive;;;;;;
mumford0;main;30;0.651;0.127;0.673;0.313;111741.0;110897.0;112060.0;1;1.0;random;;;;;;
mumford0;main;30;0.352;0.0;0.406;0.0;114004.0;113812.0;114841.0;1;1.0;share_stop;;;;;;
mumford0;main;30;0.589;0.0;0.586;0.0;114004.0;112961.0;114841.0;1;2.0;line_consecutive;;;;;;
mumford0;main;30;0.562;0.0;0.58;0.281;111636.0;110710.0;112060.0;1;3.0;line_consecutive;;;;;;
mumford0;main;30;0.425;0.0;0.452;0.0;113267.0;112775.0;113789.0;1;5.0;line_consecutive;;;;;;
mumford0;main;30;0.714;0.274;0.665;0.344;112690.0;112126.0;114149.0;1;8.0;line_consecutive;;;;;;
mumford0;main;30;0.658;0.127;0.62;0.172;113920.0;113033.0;114841.0;2;1.0;line_all;;;;;;
mumford0;main;28;0.739;0.13;0.719;0.528;114681.0;113698.0;115711.0;2;1.0;line_consecutive;;;;;;
mumford0;main;30;0.621;0.0;0.539;0.0;113920.0;113681.0;114841.0;2;1.0;random;;;;;;
mumford0;main;30;0.646;0.127;0.648;0.312;112061.0;111513.0;112582.0;2;1.0;share_stop;;;;;;
mumford0;main;30;0.783;0.13;0.742;0.529;112367.0;111507.0;113755.0;3;1.0;line_all;;;;;;
mumford0;main;19;0.44;0.0;0.412;0.0;110698.0;110649.0;110698.0;3;1.0;line_consecutive;;;;;;
mumford0;main;30;0.508;0.0;0.571;0.137;111369.0;110897.0;111659.0;3;1.0;random;;;;;;
mumford0;main;30;0.594;0.0;0.576;0.0;113920.0;113681.0;114841.0;3;1.0;share_stop;;;;;;
mumford0;main;11;0.673;0.254;0.749;0.344;115265.0;115265.0;115265.0;4;1.0;line_consecutive;;;;;;
mumford0;bypass;30;0.324;0.0;0.424;0.187;109102.0;108609.0;109192.0;1;;;10.0;;;;;
mumford0;bypass;30;0.545;-0.0;0.495;0.0;110703.0;110471.0;111040.0;1;;;20.0;;;;;
mumford0;bypass;30;0.364;0.0;0.363;0.0;110750.0;110400.0;110845.0;1;;;50.0;;;;;
mumford0;bypass;30;0.449;0.0;0.391;0.0;111085.0;110630.0;111507.0;1;;;100.0;;;;;
mumford0;bypass;30;0.417;0.0;0.38;0.0;110750.0;110605.0;110845.0;1;;;200.0;;;;;
mumford0;bypass;28;0.745;0.352;0.838;0.556;114360.0;113699.0;114993.0;2;;;10.0;;;;;
mumford0;bypass;28;0.776;0.426;0.762;0.628;116486.0;115301.0;117777.0;2;;;20.0;;;;;
mumford0;bypass;28;0.732;0.13;0.761;0.528;117580.0;116081.0;118331.0;2;;;50.0;;;;;
mumford0;bypass;28;0.699;0.129;0.701;0.383;117580.0;116081.0;118331.0;2;;;100.0;;;;;
mumford0;bypass;28;0.661;0.126;0.656;0.311;117580.0;116446.0;118331.0;2;;;200.0;;;;;
mumford0;overdemand;30;0.376;-0.0;0.425;0.0;107417.0;106858.0;107492.0;1;;;;0.5;1.0;;;
mumford0;overdemand;30;0.433;0.0;0.36;0.0;119669.0;119623.0;119875.0;1;;;;0.5;2.0;;;
mumford0;overdemand;30;0.505;0.055;0.372;0.236;137561.0;137025.0;138199.0;1;;;;0.5;5.0;;;
mumford0;overdemand;30;0.445;-0.0;0.475;0.0;107658.0;106979.0;108605.0;1;;;;0.75;1.0;;;
mumford0;overdemand;30;0.448;0.0;0.421;0.0;110654.0;110367.0;110750.0;1;;;;0.75;2.0;;;
mumford0;overdemand;30;0.504;0.0;0.318;0.112;116280.0;115982.0;116628.0;1;;;;0.75;5.0;;;
mumford0;overdemand;30;0.557;-0.0;0.596;0.023;108255.0;106740.0;108622.0;1;;;;1.0;1.0;;;
mumford0;overdemand;30;0.427;-0.0;0.478;0.022;107417.0;106624.0;107492.0;1;;;;1.0;2.0;;;
mumford0;overdemand;30;0.386;-0.0;0.432;0.012;107658.0;107148.0;108318.0;1;;;;1.0;5.0;;;
mumford0;overdemand;28;0.736;0.164;0.848;0.596;113985.0;112589.0;115114.0;2;;;;0.5;1.0;;;
mumford0;overdemand;28;0.673;0.0;0.583;0.379;126428.0;124926.0;127292.0;2;;;;0.5;2.0;;;
mumford0;overdemand;28;0.757;0.403;0.643;0.406;145794.0;144450.0;148076.0;2;;;;0.5;5.0;;;
mumford0;overdemand;28;0.736;0.164;0.848;0.596;113985.0;112589.0;115114.0;2;;;;0.75;1.0;;;
mumford0;overdemand;28;0.732;0.13;0.761;0.528;117580.0;116081.0;118331.0;2;;;;0.75;2.0;;;
mumford0;overdemand;28;0.944;0.178;0.587;0.463;123410.0;122207.0;123947.0;2;;;;0.75;5.0;;;
mumford0;overdemand;28;0.736;0.164;0.848;0.596;113985.0;112589.0;115114.0;2;;;;1.0;1.0;;;
mumford0;overdemand;28;0.736;0.164;0.848;0.596;113985.0;112589.0;115114.0;2;;;;1.0;2.0;;;
mumford0;overdemand;28;0.736;0.164;0.848;0.596;113985.0;112589.0;115114.0;2;;;;1.0;5.0;;;
mumford0;pfail;30;0.399;0.0;0.364;0.0;110654.0;110162.0;110750.0;1;;;;;;0.05;;
mumford0;pfail;30;0.531;0.0;0.496;0.0;110845.0;110605.0;111187.0;1;;;;;;0.1;;
mumford0;pfail;30;0.364;0.0;0.363;0.0;110750.0;110400.0;110845.0;1;;;;;;0.2;;
mumford0;pfail;30;0.456;0.0;0.406;0.0;111085.0;110630.0;111507.0;1;;;;;;0.3;;
mumford0;pfail;30;0.448;0.0;0.421;0.0;110654.0;110367.0;110750.0;1;;;;;;0.4;;
mumford0;pfail;30;0.443;0.0;0.411;0.0;110793.0;110395.0;111187.0;1;;;;;;0.5;;
mumford0;pfail;30;0.557;0.0;0.514;0.0;111428.0;110605.0;111659.0;1;;;;;;0.6;;
mumford0;pfail;30;0.416;0.0;0.419;0.0;110654.0;110162.0;110750.0;1;;;;;;0.7;;
mumford0;pfail;30;0.391;0.0;0.379;0.0;110845.0;110630.0;111187.0;1;;;;;;0.8;;
mumford0;pfail;30;1.54;0.0;0.147;0.0;114969.0;114604.0;116030.0;1;;;;;;0.9;;
mumford0;pfail;30;1.77;0.0;0.08;0.0;115927.0;115683.0;117888.0;1;;;;;;0.95;;
mumford0;pfail;28;0.732;0.13;0.761;0.528;117580.0;116081.0;118331.0;2;;;;;;0.05;;
mumford0;pfail;28;0.732;0.13;0.761;0.528;117580.0;116081.0;118331.0;2;;;;;;0.1;;
mumford0;pfail;28;0.732;0.13;0.761;0.528;117580.0;116081.0;118331.0;2;;;;;;0.2;;
mumford0;pfail;28;0.732;0.13;0.761;0.528;117580.0;116081.0;118331.0;2;;;;;;0.3;;
mumford0;pfail;28;0.732;0.13;0.761;0.528;117580.0;116081.0;118331.0;2;;;;;;0.4;;
mumford0;pfail;28;0.732;0.13;0.761;0.528;117580.0;116081.0;118331.0;2;;;;;;0.5;;
mumford0;pfail;28;0.732;0.13;0.761;0.528;117580.0;116081.0;118331.0;2;;;;;;0.6;;
mumford0;pfail;28;0.732;0.13;0.761;0.528;117580.0;116081.0;118331.0;2;;;;;;0.7;;
mumford0;pfail;28;0.732;0.13;0.761;0.528;117580.0;116081.0;118331.0;2;;;;;;0.8;;
mumford0;pfail;28;2.24;0.922;0.205;0.148;125084.0;124838.0;128888.0;2;;;;;;0.9;;
mumford0;pfail;28;2.45;1.064;0.106;0.073;126073.0;125933.0;130208.0;2;;;;;;0.95;;
mumford0;replcost;30;0.003;0.0;0.032;0.0;106396.0;106330.0;106396.0;1;;;;;;;10.0;50.0
mumford0;replcost;30;0.003;0.0;0.08;0.0;115651.0;115521.0;115651.0;1;;;;;;;10.0;500.0
mumford0;replcost;30;0.011;0.0;0.088;0.0;126027.0;125845.0;126124.0;1;;;;;;;10.0;5000.0
mumford0;replcost;30;0.061;0.0;0.107;0.0;106683.0;106633.0;106683.0;1;;;;;;;100.0;50.0
mumford0;replcost;30;1.677;0.0;0.964;0.338;117406.0;115618.0;118806.0;1;;;;;;;100.0;500.0
mumford0;replcost;30;2.774;0.644;1.244;0.713;130550.0;128619.0;137956.0;1;;;;;;;100.0;5000.0
mumford0;replcost;30;0.063;0.0;0.134;0.0;106588.0;106588.0;106588.0;1;;;;;;;1000.0;50.0
mumford0;replcost;30;3.577;0.089;1.123;0.3;117359.0;115262.0;121237.0;1;;;;;;;1000.0;500.0
mumford0;replcost;30;24.662;9.484;4.619;4.881;188934.0;179712.0;208158.0;1;;;;;;;1000.0;5000.0
mumford0;replcost;28;0.006;0.0;0.074;0.0;108470.0;108396.0;108470.0;2;;;;;;;10.0;50.0
mumford0;replcost;28;0.005;0.0;0.09;0.0;126571.0;126217.0;126668.0;2;;;;;;;10.0;500.0
mumford0;replcost;28;0.012;0.0;0.101;0.106;181403.0;181146.0;181403.0;2;;;;;;;10.0;5000.0
mumford0;replcost;28;0.189;0.0;0.35;0.168;109980.0;108985.0;110335.0;2;;;;;;;100.0;50.0
mumford0;replcost;28;2.68;1.071;1.545;1.451;130797.0;129776.0;135260.0;2;;;;;;;100.0;500.0
mumford0;replcost;28;3.465;3.209;1.606;1.61;191949.0;185514.0;197679.0;2;;;;;;;100.0;5000.0
mumford0;replcost;28;0.194;0.0;0.351;0.168;109980.0;108985.0;110335.0;2;;;;;;;1000.0;50.0
mumford0;replcost;28;9.609;8.467;2.041;1.756;131931.0;130964.0;146645.0;2;;;;;;;1000.0;500.0
mumford0;replcost;28;35.631;27.212;5.446;4.782;217171.0;203733.0;292033.0;2;;;;;;;1000.0;5000.0
